[
{
  "model": "data_api.company",
  "pk": 1,
  "fields": {
    "name": "Company1",
    "max_carrier": 0,
    "start_valid_date": "2017-02-16",
    "valid_until": "2018-02-16"
  }
},
{
  "model": "data_api.company",
  "pk": 2,
  "fields": {
    "name": "Company2",
    "max_carrier": 5,
    "start_valid_date": "2017-02-16",
    "valid_until": "2018-02-16"
  }
},
{
  "model": "data_api.userprofile",
  "pk": 1,
  "fields": {
    "user": [
      "serviceadmin"
    ],
    "company": 1,
    "role": "service_admin"
  }
},
{
  "model": "data_api.userprofile",
  "pk": 2,
  "fields": {
    "user": [
      "ordermanager"
    ],
    "company": 1,
    "role": "order_manager"
  }
},
{
  "model": "data_api.userprofile",
  "pk": 3,
  "fields": {
    "user": [
      "backofficer"
    ],
    "company": 1,
    "role": "back_officer"
  }
},
{
  "model": "data_api.userprofile",
  "pk": 4,
  "fields": {
    "user": [
      "saleperson"
    ],
    "company": 1,
    "role": "sale_person"
  }
},
{
  "model": "data_api.userprofile",
  "pk": 5,
  "fields": {
    "user": [
      "tripmanager"
    ],
    "company": 1,
    "role": "trip_manager"
  }
},
{
  "model": "data_api.userprofile",
  "pk": 6,
  "fields": {
    "user": [
      "admin"
    ],
    "company": 1,
    "role": "service_admin"
  }
},
{
  "model": "data_api.unitofmeasurecategory",
  "pk": 1,
  "fields": {
    "name": "Unit"
  }
},
{
  "model": "data_api.unitofmeasurecategory",
  "pk": 2,
  "fields": {
    "name": "Volume"
  }
},
{
  "model": "data_api.unitofmeasurecategory",
  "pk": 3,
  "fields": {
    "name": "Weight"
  }
},
{
  "model": "data_api.unitofmeasurecategory",
  "pk": 4,
  "fields": {
    "name": "Time"
  }
},
{
  "model": "data_api.unitofmeasurecategory",
  "pk": 5,
  "fields": {
    "name": "Length / Distance"
  }
},
{
  "model": "data_api.unitofmeasure",
  "pk": 1,
  "fields": {
    "name": "pcs",
    "category": 1,
    "factor": 1.0,
    "uom_type": "reference",
    "rounding": 0
  }
},
{
  "model": "data_api.unitofmeasure",
  "pk": 2,
  "fields": {
    "name": "m",
    "category": 5,
    "factor": 1.0,
    "uom_type": "reference",
    "rounding": 2
  }
},
{
  "model": "data_api.unitofmeasure",
  "pk": 3,
  "fields": {
    "name": "cm",
    "category": 5,
    "factor": 0.01,
    "uom_type": "smaller",
    "rounding": 2
  }
},
{
  "model": "data_api.unitofmeasure",
  "pk": 4,
  "fields": {
    "name": "km",
    "category": 5,
    "factor": 1000.0,
    "uom_type": "bigger",
    "rounding": 2
  }
},
{
  "model": "data_api.unitofmeasure",
  "pk": 5,
  "fields": {
    "name": "\u0e01\u0e25\u0e48\u0e2d\u0e0724",
    "category": 1,
    "factor": 24.0,
    "uom_type": "bigger",
    "rounding": 0
  }
},
{
  "model": "data_api.unitofmeasure",
  "pk": 6,
  "fields": {
    "name": "dz",
    "category": 1,
    "factor": 12.0,
    "uom_type": "bigger",
    "rounding": 0
  }
},
{
  "model": "data_api.unitofmeasure",
  "pk": 7,
  "fields": {
    "name": "mm",
    "category": 5,
    "factor": 0.001,
    "uom_type": "smaller",
    "rounding": 2
  }
},
{
  "model": "data_api.unitofmeasure",
  "pk": 8,
  "fields": {
    "name": "kg",
    "category": 3,
    "factor": 1.0,
    "uom_type": "reference",
    "rounding": 2
  }
},
{
  "model": "data_api.unitofmeasure",
  "pk": 9,
  "fields": {
    "name": "t",
    "category": 3,
    "factor": 1000.0,
    "uom_type": "bigger",
    "rounding": 2
  }
},
{
  "model": "data_api.unitofmeasure",
  "pk": 10,
  "fields": {
    "name": "in",
    "category": 5,
    "factor": 0.0254,
    "uom_type": "smaller",
    "rounding": 2
  }
},
{
  "model": "data_api.unitofmeasure",
  "pk": 11,
  "fields": {
    "name": "ft",
    "category": 5,
    "factor": 0.3048,
    "uom_type": "smaller",
    "rounding": 2
  }
},
{
  "model": "data_api.unitofmeasure",
  "pk": 12,
  "fields": {
    "name": "yd",
    "category": 5,
    "factor": 0.9144,
    "uom_type": "smaller",
    "rounding": 2
  }
},
{
  "model": "data_api.unitofmeasure",
  "pk": 13,
  "fields": {
    "name": "mi",
    "category": 5,
    "factor": 1609.344,
    "uom_type": "bigger",
    "rounding": 2
  }
},
{
  "model": "data_api.unitofmeasure",
  "pk": 14,
  "fields": {
    "name": "lb",
    "category": 3,
    "factor": 0.45359237,
    "uom_type": "smaller",
    "rounding": 2
  }
},
{
  "model": "data_api.unitofmeasure",
  "pk": 15,
  "fields": {
    "name": "oz",
    "category": 3,
    "factor": 0.028349523125,
    "uom_type": "smaller",
    "rounding": 2
  }
},
{
  "model": "data_api.unitofmeasure",
  "pk": 16,
  "fields": {
    "name": "g",
    "category": 3,
    "factor": 0.001,
    "uom_type": "smaller",
    "rounding": 2
  }
},
{
  "model": "data_api.unitofmeasure",
  "pk": 17,
  "fields": {
    "name": "\u0e01\u0e25\u0e48\u0e2d\u0e07 36",
    "category": 1,
    "factor": 36.0,
    "uom_type": "bigger",
    "rounding": 0
  }
},
{
  "model": "data_api.unitofmeasure",
  "pk": 18,
  "fields": {
    "name": "m3",
    "category": 2,
    "factor": 1.0,
    "uom_type": "reference",
    "rounding": 2
  }
},
{
  "model": "data_api.unitofmeasure",
  "pk": 19,
  "fields": {
    "name": "cc",
    "category": 2,
    "factor": 1e-06,
    "uom_type": "smaller",
    "rounding": 2
  }
},
{
  "model": "data_api.unitofmeasure",
  "pk": 20,
  "fields": {
    "name": "l",
    "category": 2,
    "factor": 0.001,
    "uom_type": "smaller",
    "rounding": 2
  }
},
{
  "model": "data_api.unitofmeasure",
  "pk": 21,
  "fields": {
    "name": "\u0e41\u0e1e\u0e47\u0e04 6",
    "category": 1,
    "factor": 6.0,
    "uom_type": "bigger",
    "rounding": 0
  }
},
{
  "model": "data_api.unitofmeasure",
  "pk": 22,
  "fields": {
    "name": "\u0e41\u0e1e\u0e47\u0e04 4",
    "category": 1,
    "factor": 4.0,
    "uom_type": "bigger",
    "rounding": 0
  }
},
{
  "model": "data_api.dimension",
  "pk": 1,
  "fields": {
    "width": 2.36,
    "height": 2.45,
    "length": 7.2,
    "uom": 2,
    "created_user": null,
    "updated_user": null,
    "created_at": "2016-12-01T10:12:42Z",
    "updated_at": "2016-12-01T10:12:42Z"
  }
},
{
  "model": "data_api.dimension",
  "pk": 2,
  "fields": {
    "width": 1.2,
    "height": 1.8,
    "length": 2.2,
    "uom": 2,
    "created_user": null,
    "updated_user": null,
    "created_at": "2016-12-01T10:12:42Z",
    "updated_at": "2016-12-01T10:12:42Z"
  }
},
{
  "model": "data_api.dimension",
  "pk": 3,
  "fields": {
    "width": 2.36,
    "height": 2.45,
    "length": 7.2,
    "uom": 2,
    "created_user": null,
    "updated_user": null,
    "created_at": "2016-12-01T10:12:42Z",
    "updated_at": "2016-12-01T10:12:42Z"
  }
},
{
  "model": "data_api.dimension",
  "pk": 4,
  "fields": {
    "width": 2.32,
    "height": 2.4,
    "length": 12.0,
    "uom": 2,
    "created_user": null,
    "updated_user": null,
    "created_at": "2016-12-01T10:12:42Z",
    "updated_at": "2016-12-01T10:12:42Z"
  }
},
{
  "model": "data_api.dimension",
  "pk": 5,
  "fields": {
    "width": 0.2,
    "height": 0.14,
    "length": 0.27,
    "uom": 2,
    "created_user": null,
    "updated_user": null,
    "created_at": "2016-12-01T10:12:42Z",
    "updated_at": "2016-12-01T10:12:42Z"
  }
},
{
  "model": "data_api.dimension",
  "pk": 6,
  "fields": {
    "width": 18.0,
    "height": 21.0,
    "length": 24.0,
    "uom": 3,
    "created_user": null,
    "updated_user": null,
    "created_at": "2016-12-01T10:12:42Z",
    "updated_at": "2016-12-01T10:12:42Z"
  }
},
{
  "model": "data_api.dimension",
  "pk": 7,
  "fields": {
    "width": 100.0,
    "height": 100.0,
    "length": 100.0,
    "uom": 3,
    "created_user": null,
    "updated_user": [
      "admin"
    ],
    "created_at": "2017-01-17T07:12:41Z",
    "updated_at": "2017-01-17T07:12:41Z"
  }
},
{
  "model": "data_api.dimension",
  "pk": 8,
  "fields": {
    "width": 100.0,
    "height": 100.0,
    "length": 100.0,
    "uom": 2,
    "created_user": null,
    "updated_user": [
      "admin"
    ],
    "created_at": "2017-01-17T07:13:42Z",
    "updated_at": "2017-01-17T07:13:42Z"
  }
},
{
  "model": "data_api.dimension",
  "pk": 9,
  "fields": {
    "width": 1.0,
    "height": 1.0,
    "length": 1.0,
    "uom": 7,
    "created_user": null,
    "updated_user": null,
    "created_at": "2017-02-08T08:37:13Z",
    "updated_at": "2017-02-08T08:37:13Z"
  }
},
{
  "model": "data_api.dimension",
  "pk": 10,
  "fields": {
    "width": 2.0,
    "height": 2.0,
    "length": 2.0,
    "uom": 3,
    "created_user": null,
    "updated_user": null,
    "created_at": "2017-02-08T08:38:16Z",
    "updated_at": "2017-02-08T08:38:16Z"
  }
},
{
  "model": "data_api.dimension",
  "pk": 11,
  "fields": {
    "width": 9.0,
    "height": 9.0,
    "length": 9.0,
    "uom": 10,
    "created_user": null,
    "updated_user": null,
    "created_at": "2017-02-08T09:38:57Z",
    "updated_at": "2017-02-08T09:38:57Z"
  }
},
{
  "model": "data_api.dimension",
  "pk": 12,
  "fields": {
    "width": 3.0,
    "height": 3.0,
    "length": 3.0,
    "uom": 11,
    "created_user": null,
    "updated_user": null,
    "created_at": "2017-02-08T09:52:35Z",
    "updated_at": "2017-02-08T09:52:35Z"
  }
},
{
  "model": "data_api.dimension",
  "pk": 13,
  "fields": {
    "width": 4.0,
    "height": 4.0,
    "length": 4.0,
    "uom": 4,
    "created_user": null,
    "updated_user": null,
    "created_at": "2017-02-08T09:53:59Z",
    "updated_at": "2017-02-08T09:53:59Z"
  }
},
{
  "model": "data_api.dimension",
  "pk": 14,
  "fields": {
    "width": 5.0,
    "height": 5.0,
    "length": 5.0,
    "uom": 13,
    "created_user": null,
    "updated_user": null,
    "created_at": "2017-02-08T09:55:00Z",
    "updated_at": "2017-02-08T09:55:00Z"
  }
},
{
  "model": "data_api.dimension",
  "pk": 15,
  "fields": {
    "width": 6.0,
    "height": 6.0,
    "length": 7.0,
    "uom": 12,
    "created_user": null,
    "updated_user": null,
    "created_at": "2017-02-08T09:55:51Z",
    "updated_at": "2017-02-08T09:55:51Z"
  }
},
{
  "model": "data_api.dimension",
  "pk": 16,
  "fields": {
    "width": 1.1,
    "height": 1.1,
    "length": 1.1,
    "uom": 2,
    "created_user": null,
    "updated_user": null,
    "created_at": "2017-02-08T09:56:21Z",
    "updated_at": "2017-02-08T09:56:21Z"
  }
},
{
  "model": "data_api.dimension",
  "pk": 17,
  "fields": {
    "width": 1.0,
    "height": 3.0,
    "length": 5.0,
    "uom": 7,
    "created_user": null,
    "updated_user": null,
    "created_at": "2017-02-08T10:06:16Z",
    "updated_at": "2017-02-08T10:06:16Z"
  }
},
{
  "model": "data_api.dimension",
  "pk": 18,
  "fields": {
    "width": 1.0,
    "height": 2.0,
    "length": 3.0,
    "uom": 10,
    "created_user": null,
    "updated_user": null,
    "created_at": "2017-02-08T12:15:02Z",
    "updated_at": "2017-02-08T12:15:02Z"
  }
},
{
  "model": "data_api.dimension",
  "pk": 19,
  "fields": {
    "width": 3.0,
    "height": 2.0,
    "length": 1.0,
    "uom": 10,
    "created_user": null,
    "updated_user": null,
    "created_at": "2017-02-08T12:16:06Z",
    "updated_at": "2017-02-08T12:16:06Z"
  }
},
{
  "model": "data_api.dimension",
  "pk": 20,
  "fields": {
    "width": 1.0,
    "height": 3.0,
    "length": 5.0,
    "uom": 10,
    "created_user": null,
    "updated_user": null,
    "created_at": "2017-02-08T12:17:18Z",
    "updated_at": "2017-02-08T12:17:18Z"
  }
},
{
  "model": "data_api.dimension",
  "pk": 21,
  "fields": {
    "width": 1.0,
    "height": 5.0,
    "length": 9.0,
    "uom": 10,
    "created_user": null,
    "updated_user": null,
    "created_at": "2017-02-08T12:19:39Z",
    "updated_at": "2017-02-08T12:19:39Z"
  }
},
{
  "model": "data_api.dimension",
  "pk": 22,
  "fields": {
    "width": 9.0,
    "height": 5.0,
    "length": 1.0,
    "uom": 10,
    "created_user": null,
    "updated_user": null,
    "created_at": "2017-02-08T12:20:58Z",
    "updated_at": "2017-02-08T12:20:58Z"
  }
},
{
  "model": "data_api.dimension",
  "pk": 23,
  "fields": {
    "width": 444.0,
    "height": 555.0,
    "length": 777.0,
    "uom": 10,
    "created_user": null,
    "updated_user": null,
    "created_at": "2017-02-08T12:23:04Z",
    "updated_at": "2017-02-08T12:23:04Z"
  }
},
{
  "model": "data_api.dimension",
  "pk": 24,
  "fields": {
    "width": 8.0,
    "height": 8.0,
    "length": 8.0,
    "uom": 10,
    "created_user": null,
    "updated_user": null,
    "created_at": "2017-02-08T12:24:20Z",
    "updated_at": "2017-02-08T12:24:20Z"
  }
},
{
  "model": "data_api.dimension",
  "pk": 25,
  "fields": {
    "width": 9.0,
    "height": 9.0,
    "length": 9.0,
    "uom": 10,
    "created_user": null,
    "updated_user": null,
    "created_at": "2017-02-08T12:27:49Z",
    "updated_at": "2017-02-08T12:27:49Z"
  }
},
{
  "model": "data_api.dimension",
  "pk": 26,
  "fields": {
    "width": 99.0,
    "height": 99.0,
    "length": 99.0,
    "uom": 10,
    "created_user": null,
    "updated_user": null,
    "created_at": "2017-02-08T12:28:14Z",
    "updated_at": "2017-02-08T12:28:14Z"
  }
},
{
  "model": "data_api.dimension",
  "pk": 27,
  "fields": {
    "width": 60.0,
    "height": 60.0,
    "length": 60.0,
    "uom": 11,
    "created_user": null,
    "updated_user": null,
    "created_at": "2017-02-09T05:07:37Z",
    "updated_at": "2017-02-09T05:07:37Z"
  }
},
{
  "model": "data_api.dimension",
  "pk": 28,
  "fields": {
    "width": 24.0,
    "height": 24.0,
    "length": 15.0,
    "uom": 3,
    "created_user": null,
    "updated_user": null,
    "created_at": "2017-02-21T06:24:47Z",
    "updated_at": "2017-02-21T06:24:47Z"
  }
},
{
  "model": "data_api.dimension",
  "pk": 29,
  "fields": {
    "width": 15.0,
    "height": 15.0,
    "length": 15.0,
    "uom": 2,
    "created_user": null,
    "updated_user": null,
    "created_at": "2017-02-21T06:24:57Z",
    "updated_at": "2017-02-21T06:24:57Z"
  }
},
{
  "model": "data_api.dimension",
  "pk": 30,
  "fields": {
    "width": 50.0,
    "height": 50.0,
    "length": 50.0,
    "uom": 3,
    "created_user": null,
    "updated_user": null,
    "created_at": "2017-02-21T06:25:45Z",
    "updated_at": "2017-02-21T06:25:45Z"
  }
},
{
  "model": "data_api.dimension",
  "pk": 31,
  "fields": {
    "width": 20.0,
    "height": 20.0,
    "length": 20.0,
    "uom": 10,
    "created_user": null,
    "updated_user": null,
    "created_at": "2017-02-21T06:26:25Z",
    "updated_at": "2017-02-21T06:26:25Z"
  }
},
{
  "model": "data_api.dimension",
  "pk": 32,
  "fields": {
    "width": 3.0,
    "height": 3.0,
    "length": 4.0,
    "uom": 4,
    "created_user": null,
    "updated_user": null,
    "created_at": "2017-02-21T06:31:31Z",
    "updated_at": "2017-02-21T06:31:31Z"
  }
},
{
  "model": "data_api.dimension",
  "pk": 33,
  "fields": {
    "width": 13.0,
    "height": 46.0,
    "length": 24.0,
    "uom": 3,
    "created_user": null,
    "updated_user": null,
    "created_at": "2017-02-21T07:26:46Z",
    "updated_at": "2017-02-21T07:26:46Z"
  }
},
{
  "model": "data_api.dimension",
  "pk": 34,
  "fields": {
    "width": 1.2,
    "height": 1.8,
    "length": 0.1,
    "uom": 2,
    "created_user": null,
    "updated_user": null,
    "created_at": "2017-04-05T08:57:59Z",
    "updated_at": "2017-04-05T08:57:59Z"
  }
},
{
  "model": "data_api.product",
  "pk": 1,
  "fields": {
    "name": "\u0e2b\u0e19\u0e2d\u0e07\u0e42\u0e1e UHT \u0e08\u0e37\u0e14 200 ml",
    "weight": 7.5,
    "uom_weight": 8,
    "uom": 17,
    "dimension": 5,
    "created_user": null,
    "updated_user": null,
    "created_at": "2016-12-01T10:12:43Z",
    "updated_at": "2017-02-27T04:10:38Z"
  }
},
{
  "model": "data_api.product",
  "pk": 2,
  "fields": {
    "name": "\u0e19\u0e49\u0e33\u0e14\u0e37\u0e48\u0e21 \u0e04\u0e23\u0e34\u0e2a\u0e15\u0e31\u0e25 500 ml \u0e41\u0e1e\u0e47\u0e04 12",
    "weight": 6.1,
    "uom_weight": 8,
    "uom": 6,
    "dimension": 6,
    "created_user": null,
    "updated_user": null,
    "created_at": "2016-12-01T10:12:43Z",
    "updated_at": "2017-02-27T04:11:14Z"
  }
},
{
  "model": "data_api.product",
  "pk": 3,
  "fields": {
    "name": "\u0e01\u0e23\u0e30\u0e08\u0e01",
    "weight": 1000.0,
    "uom_weight": 16,
    "uom": 1,
    "dimension": 34,
    "created_user": null,
    "updated_user": [
      "admin"
    ],
    "created_at": "2017-01-17T07:10:09Z",
    "updated_at": "2017-04-05T08:59:10Z"
  }
},
{
  "model": "data_api.product",
  "pk": 4,
  "fields": {
    "name": "product1",
    "weight": 10.0,
    "uom_weight": 8,
    "uom": 1,
    "dimension": 6,
    "created_user": null,
    "updated_user": [
      "admin"
    ],
    "created_at": "2017-01-17T07:10:16Z",
    "updated_at": "2017-01-17T07:10:16Z"
  }
},
{
  "model": "data_api.product",
  "pk": 5,
  "fields": {
    "name": "\u0e1b\u0e25\u0e32\u0e01\u0e23\u0e30\u0e1b\u0e4b\u0e2d\u0e07",
    "weight": 1000.0,
    "uom_weight": 16,
    "uom": 1,
    "dimension": 6,
    "created_user": null,
    "updated_user": [
      "admin"
    ],
    "created_at": "2017-01-17T07:10:31Z",
    "updated_at": "2017-01-17T07:10:31Z"
  }
},
{
  "model": "data_api.product",
  "pk": 6,
  "fields": {
    "name": "Coke zero",
    "weight": 1200.0,
    "uom_weight": 16,
    "uom": 1,
    "dimension": 6,
    "created_user": null,
    "updated_user": [
      "admin"
    ],
    "created_at": "2017-01-17T07:10:36Z",
    "updated_at": "2017-01-17T07:10:54Z"
  }
},
{
  "model": "data_api.product",
  "pk": 8,
  "fields": {
    "name": "\u0e19\u0e21\u0e01\u0e23\u0e30\u0e1b\u0e4b\u0e2d\u0e07",
    "weight": 1.0,
    "uom_weight": 8,
    "uom": 1,
    "dimension": 2,
    "created_user": null,
    "updated_user": [
      "admin"
    ],
    "created_at": "2017-01-17T07:11:15Z",
    "updated_at": "2017-01-17T07:11:15Z"
  }
},
{
  "model": "data_api.product",
  "pk": 9,
  "fields": {
    "name": "beer1",
    "weight": 800.0,
    "uom_weight": 16,
    "uom": 1,
    "dimension": 2,
    "created_user": null,
    "updated_user": [
      "admin"
    ],
    "created_at": "2017-01-17T07:12:52Z",
    "updated_at": "2017-02-27T04:12:19Z"
  }
},
{
  "model": "data_api.product",
  "pk": 12,
  "fields": {
    "name": "\u0e42\u0e04\u0e49\u0e01\u0e0b\u0e35\u0e42\u0e23\u0e48 \u0e41\u0e1e\u0e47\u0e04 24",
    "weight": 10.0,
    "uom_weight": 8,
    "uom": 5,
    "dimension": 28,
    "created_user": null,
    "updated_user": null,
    "created_at": "2017-02-21T06:24:51Z",
    "updated_at": "2017-02-27T04:12:42Z"
  }
},
{
  "model": "data_api.product",
  "pk": 13,
  "fields": {
    "name": "\u0e2a\u0e31\u0e1b\u0e1b\u0e30\u0e23\u0e14\u0e01\u0e23\u0e30\u0e1b\u0e4b\u0e2d\u0e07",
    "weight": 10.0,
    "uom_weight": 8,
    "uom": 5,
    "dimension": 6,
    "created_user": null,
    "updated_user": null,
    "created_at": "2017-02-21T06:25:10Z",
    "updated_at": "2017-02-21T06:26:08Z"
  }
},
{
  "model": "data_api.product",
  "pk": 14,
  "fields": {
    "name": "\u0e01\u0e25\u0e49\u0e27\u0e22\u0e2b\u0e19\u0e31\u0e07 \u0e41\u0e1e\u0e47\u0e04 6",
    "weight": 700.0,
    "uom_weight": 16,
    "uom": 21,
    "dimension": 4,
    "created_user": null,
    "updated_user": null,
    "created_at": "2017-02-21T06:25:14Z",
    "updated_at": "2017-02-27T05:30:26Z"
  }
},
{
  "model": "data_api.product",
  "pk": 15,
  "fields": {
    "name": "\u0e1a\u0e30\u0e2b\u0e21\u0e35\u0e48\u0e01\u0e36\u0e48\u0e07\u0e2a\u0e33\u0e40\u0e23\u0e47\u0e08\u0e23\u0e39\u0e1b \u0e41\u0e1e\u0e47\u0e04 12",
    "weight": 600.0,
    "uom_weight": 16,
    "uom": 6,
    "dimension": 30,
    "created_user": null,
    "updated_user": null,
    "created_at": "2017-02-21T06:25:48Z",
    "updated_at": "2017-02-27T04:17:23Z"
  }
},
{
  "model": "data_api.product",
  "pk": 16,
  "fields": {
    "name": "\u0e19\u0e21\u0e08\u0e37\u0e14\u0e1e\u0e23\u0e48\u0e2d\u0e07\u0e21\u0e31\u0e19\u0e40\u0e19\u0e22",
    "weight": 9.8,
    "uom_weight": 8,
    "uom": 5,
    "dimension": 33,
    "created_user": null,
    "updated_user": null,
    "created_at": "2017-02-21T06:25:49Z",
    "updated_at": "2017-02-21T07:28:52Z"
  }
},
{
  "model": "data_api.product",
  "pk": 17,
  "fields": {
    "name": "\u0e19\u0e21\u0e01\u0e25\u0e49\u0e27\u0e22 \u0e41\u0e1e\u0e47\u0e04 4 \u0e01\u0e25\u0e48\u0e2d\u0e07",
    "weight": 250.0,
    "uom_weight": 15,
    "uom": 22,
    "dimension": 6,
    "created_user": null,
    "updated_user": null,
    "created_at": "2017-02-21T06:25:51Z",
    "updated_at": "2017-02-27T05:31:21Z"
  }
},
{
  "model": "data_api.product",
  "pk": 18,
  "fields": {
    "name": "milk",
    "weight": 300.0,
    "uom_weight": 16,
    "uom": 1,
    "dimension": 6,
    "created_user": null,
    "updated_user": null,
    "created_at": "2017-02-21T06:26:08Z",
    "updated_at": "2017-04-05T09:01:45Z"
  }
},
{
  "model": "data_api.product",
  "pk": 19,
  "fields": {
    "name": "\u0e40\u0e2a\u0e37\u0e49\u0e2d\u0e1c\u0e49\u0e32",
    "weight": 500.0,
    "uom_weight": 16,
    "uom": 1,
    "dimension": 31,
    "created_user": null,
    "updated_user": null,
    "created_at": "2017-02-21T06:26:26Z",
    "updated_at": "2017-02-21T06:26:35Z"
  }
},
{
  "model": "data_api.coord",
  "pk": 1,
  "fields": {
    "lat": "16.430270",
    "lon": "102.822690",
    "created_user": null,
    "updated_user": null,
    "created_at": "2016-12-01T10:12:42Z",
    "updated_at": "2016-12-01T10:12:42Z"
  }
},
{
  "model": "data_api.coord",
  "pk": 2,
  "fields": {
    "lat": "16.426300",
    "lon": "102.830300",
    "created_user": null,
    "updated_user": null,
    "created_at": "2016-12-01T10:12:42Z",
    "updated_at": "2016-12-01T10:12:42Z"
  }
},
{
  "model": "data_api.coord",
  "pk": 3,
  "fields": {
    "lat": "16.431540",
    "lon": "102.836880",
    "created_user": null,
    "updated_user": null,
    "created_at": "2016-12-01T10:12:42Z",
    "updated_at": "2016-12-01T10:12:42Z"
  }
},
{
  "model": "data_api.coord",
  "pk": 4,
  "fields": {
    "lat": "17.416670",
    "lon": "102.750000",
    "created_user": null,
    "updated_user": null,
    "created_at": "2017-02-21T06:35:34Z",
    "updated_at": "2017-02-21T06:35:34Z"
  }
},
{
  "model": "data_api.coord",
  "pk": 5,
  "fields": {
    "lat": "16.464535",
    "lon": "102.849409",
    "created_user": null,
    "updated_user": null,
    "created_at": "2017-02-21T06:37:12Z",
    "updated_at": "2017-02-21T06:37:12Z"
  }
},
{
  "model": "data_api.coord",
  "pk": 6,
  "fields": {
    "lat": "16.416280",
    "lon": "102.816110",
    "created_user": null,
    "updated_user": null,
    "created_at": "2017-02-21T06:37:25Z",
    "updated_at": "2017-02-21T06:37:25Z"
  }
},
{
  "model": "data_api.coord",
  "pk": 7,
  "fields": {
    "lat": "16.432313",
    "lon": "102.835569",
    "created_user": null,
    "updated_user": null,
    "created_at": "2017-02-21T06:37:31Z",
    "updated_at": "2017-02-21T06:37:31Z"
  }
},
{
  "model": "data_api.coord",
  "pk": 8,
  "fields": {
    "lat": "17.397400",
    "lon": "102.795680",
    "created_user": null,
    "updated_user": null,
    "created_at": "2017-02-21T06:38:59Z",
    "updated_at": "2017-02-21T06:38:59Z"
  }
},
{
  "model": "data_api.coord",
  "pk": 9,
  "fields": {
    "lat": "15.193017",
    "lon": "104.825812",
    "created_user": null,
    "updated_user": null,
    "created_at": "2017-02-21T06:39:47Z",
    "updated_at": "2017-02-21T06:39:47Z"
  }
},
{
  "model": "data_api.coord",
  "pk": 10,
  "fields": {
    "lat": "16.447200",
    "lon": "102.832200",
    "created_user": null,
    "updated_user": null,
    "created_at": "2017-02-21T06:40:02Z",
    "updated_at": "2017-02-21T06:40:02Z"
  }
},
{
  "model": "data_api.coord",
  "pk": 11,
  "fields": {
    "lat": "16.472132",
    "lon": "102.822632",
    "created_user": null,
    "updated_user": null,
    "created_at": "2017-02-21T06:40:30Z",
    "updated_at": "2017-02-21T06:40:30Z"
  }
},
{
  "model": "data_api.coord",
  "pk": 12,
  "fields": {
    "lat": "16.432990",
    "lon": "102.826270",
    "created_user": null,
    "updated_user": null,
    "created_at": "2017-02-21T06:40:40Z",
    "updated_at": "2017-02-21T06:40:40Z"
  }
},
{
  "model": "data_api.coord",
  "pk": 13,
  "fields": {
    "lat": "14.535790",
    "lon": "100.915390",
    "created_user": null,
    "updated_user": null,
    "created_at": "2017-02-21T06:41:23Z",
    "updated_at": "2017-02-21T06:41:23Z"
  }
},
{
  "model": "data_api.coord",
  "pk": 14,
  "fields": {
    "lat": "16.472132",
    "lon": "102.822632",
    "created_user": null,
    "updated_user": null,
    "created_at": "2017-02-21T06:42:01Z",
    "updated_at": "2017-02-21T06:42:01Z"
  }
},
{
  "model": "data_api.coord",
  "pk": 15,
  "fields": {
    "lat": "14.078200",
    "lon": "100.664100",
    "created_user": null,
    "updated_user": null,
    "created_at": "2017-02-21T06:44:52Z",
    "updated_at": "2017-02-21T06:44:52Z"
  }
},
{
  "model": "data_api.timewindow",
  "pk": 1,
  "fields": {
    "begin": "08:00:00",
    "end": "15:00:00",
    "created_user": null,
    "updated_user": null,
    "created_at": "2016-12-01T10:12:43Z",
    "updated_at": "2016-12-01T10:12:43Z"
  }
},
{
  "model": "data_api.timewindow",
  "pk": 2,
  "fields": {
    "begin": "15:00:00",
    "end": "18:00:00",
    "created_user": null,
    "updated_user": null,
    "created_at": "2016-12-01T10:12:43Z",
    "updated_at": "2016-12-01T10:12:43Z"
  }
},
{
  "model": "data_api.timewindow",
  "pk": 3,
  "fields": {
    "begin": "10:00:00",
    "end": "17:00:00",
    "created_user": null,
    "updated_user": null,
    "created_at": "2017-02-21T06:46:13Z",
    "updated_at": "2017-02-21T06:46:13Z"
  }
},
{
  "model": "data_api.timewindow",
  "pk": 4,
  "fields": {
    "begin": "10:00:00",
    "end": "16:00:00",
    "created_user": null,
    "updated_user": null,
    "created_at": "2017-02-21T06:46:34Z",
    "updated_at": "2017-02-21T06:46:34Z"
  }
},
{
  "model": "data_api.timewindow",
  "pk": 5,
  "fields": {
    "begin": "13:00:00",
    "end": "17:00:00",
    "created_user": null,
    "updated_user": null,
    "created_at": "2017-02-21T06:46:37Z",
    "updated_at": "2017-02-21T06:46:37Z"
  }
},
{
  "model": "data_api.timewindow",
  "pk": 6,
  "fields": {
    "begin": "02:00:00",
    "end": "13:00:00",
    "created_user": null,
    "updated_user": null,
    "created_at": "2017-02-21T06:47:01Z",
    "updated_at": "2017-02-21T06:47:01Z"
  }
},
{
  "model": "data_api.timewindow",
  "pk": 7,
  "fields": {
    "begin": "07:00:00",
    "end": "06:30:00",
    "created_user": null,
    "updated_user": null,
    "created_at": "2017-02-21T06:47:16Z",
    "updated_at": "2017-02-21T06:47:16Z"
  }
},
{
  "model": "data_api.timewindow",
  "pk": 8,
  "fields": {
    "begin": "16:00:00",
    "end": "20:00:00",
    "created_user": null,
    "updated_user": null,
    "created_at": "2017-02-21T06:47:27Z",
    "updated_at": "2017-02-21T06:47:27Z"
  }
},
{
  "model": "data_api.timewindow",
  "pk": 10,
  "fields": {
    "begin": "08:35:00",
    "end": "15:00:00",
    "created_user": null,
    "updated_user": null,
    "created_at": "2017-02-21T06:48:24Z",
    "updated_at": "2017-02-21T06:48:24Z"
  }
},
{
  "model": "data_api.timewindow",
  "pk": 11,
  "fields": {
    "begin": "09:00:00",
    "end": "18:00:00",
    "created_user": null,
    "updated_user": null,
    "created_at": "2017-02-21T06:48:27Z",
    "updated_at": "2017-02-21T06:48:27Z"
  }
},
{
  "model": "data_api.timewindow",
  "pk": 12,
  "fields": {
    "begin": "04:00:00",
    "end": "06:00:00",
    "created_user": null,
    "updated_user": null,
    "created_at": "2017-02-21T06:51:53Z",
    "updated_at": "2017-02-21T06:51:53Z"
  }
},
{
  "model": "data_api.timewindow",
  "pk": 13,
  "fields": {
    "begin": "04:00:00",
    "end": "15:40:00",
    "created_user": null,
    "updated_user": null,
    "created_at": "2017-04-03T08:40:44Z",
    "updated_at": "2017-04-03T08:40:44Z"
  }
},
{
  "model": "data_api.timewindow",
  "pk": 14,
  "fields": {
    "begin": "08:00:00",
    "end": "16:00:00",
    "created_user": null,
    "updated_user": null,
    "created_at": "2017-04-03T08:42:05Z",
    "updated_at": "2017-04-03T08:42:05Z"
  }
},
{
  "model": "data_api.timewindow",
  "pk": 15,
  "fields": {
    "begin": "20:00:00",
    "end": "23:00:00",
    "created_user": null,
    "updated_user": null,
    "created_at": "2017-04-03T08:43:21Z",
    "updated_at": "2017-04-03T08:43:21Z"
  }
},
{
  "model": "data_api.orderitem",
  "pk": 1,
  "fields": {
    "product": 2,
    "quantity": 4.0,
    "uom": 6,
    "sequence": 0,
    "created_user": null,
    "updated_user": null,
    "created_at": "2016-12-01T10:12:43Z",
    "updated_at": "2016-12-01T10:12:43Z"
  }
},
{
  "model": "data_api.orderitem",
  "pk": 2,
  "fields": {
    "product": 1,
    "quantity": 5.0,
    "uom": 6,
    "sequence": 0,
    "created_user": null,
    "updated_user": null,
    "created_at": "2016-12-01T10:12:43Z",
    "updated_at": "2016-12-01T10:12:43Z"
  }
},
{
  "model": "data_api.orderitem",
  "pk": 3,
  "fields": {
    "product": 1,
    "quantity": 4.0,
    "uom": 1,
    "sequence": 4,
    "created_user": null,
    "updated_user": null,
    "created_at": "2017-02-02T05:09:34Z",
    "updated_at": "2017-02-02T05:09:34Z"
  }
},
{
  "model": "data_api.orderitem",
  "pk": 4,
  "fields": {
    "product": 1,
    "quantity": 1.0,
    "uom": 1,
    "sequence": 0,
    "created_user": null,
    "updated_user": null,
    "created_at": "2017-02-14T05:51:14Z",
    "updated_at": "2017-02-14T05:51:14Z"
  }
},
{
  "model": "data_api.orderitem",
  "pk": 5,
  "fields": {
    "product": 1,
    "quantity": 1.0,
    "uom": 1,
    "sequence": 0,
    "created_user": null,
    "updated_user": null,
    "created_at": "2017-02-14T05:56:35Z",
    "updated_at": "2017-02-14T06:22:26Z"
  }
},
{
  "model": "data_api.orderitem",
  "pk": 6,
  "fields": {
    "product": 1,
    "quantity": 20.0,
    "uom": 1,
    "sequence": 0,
    "created_user": null,
    "updated_user": null,
    "created_at": "2017-02-21T06:47:13Z",
    "updated_at": "2017-02-21T06:47:13Z"
  }
},
{
  "model": "data_api.orderitem",
  "pk": 8,
  "fields": {
    "product": 17,
    "quantity": 1.0,
    "uom": 1,
    "sequence": 0,
    "created_user": null,
    "updated_user": null,
    "created_at": "2017-02-21T06:47:37Z",
    "updated_at": "2017-02-21T06:47:37Z"
  }
},
{
  "model": "data_api.orderitem",
  "pk": 9,
  "fields": {
    "product": 4,
    "quantity": 1.0,
    "uom": 5,
    "sequence": 0,
    "created_user": null,
    "updated_user": null,
    "created_at": "2017-02-21T06:48:01Z",
    "updated_at": "2017-02-21T06:48:01Z"
  }
},
{
  "model": "data_api.orderitem",
  "pk": 11,
  "fields": {
    "product": 2,
    "quantity": 2.0,
    "uom": 1,
    "sequence": 0,
    "created_user": null,
    "updated_user": null,
    "created_at": "2017-02-21T06:48:07Z",
    "updated_at": "2017-02-21T06:48:07Z"
  }
},
{
  "model": "data_api.orderitem",
  "pk": 13,
  "fields": {
    "product": 16,
    "quantity": 1.0,
    "uom": 1,
    "sequence": 0,
    "created_user": null,
    "updated_user": null,
    "created_at": "2017-02-21T06:48:56Z",
    "updated_at": "2017-02-21T06:48:56Z"
  }
},
{
  "model": "data_api.orderitem",
  "pk": 14,
  "fields": {
    "product": 3,
    "quantity": 3.0,
    "uom": 1,
    "sequence": 0,
    "created_user": null,
    "updated_user": null,
    "created_at": "2017-02-21T06:48:57Z",
    "updated_at": "2017-02-21T06:48:57Z"
  }
},
{
  "model": "data_api.orderitem",
  "pk": 15,
  "fields": {
    "product": 14,
    "quantity": 100.0,
    "uom": 5,
    "sequence": 0,
    "created_user": null,
    "updated_user": null,
    "created_at": "2017-02-21T06:49:01Z",
    "updated_at": "2017-02-21T06:49:01Z"
  }
},
{
  "model": "data_api.orderitem",
  "pk": 16,
  "fields": {
    "product": 5,
    "quantity": 50.0,
    "uom": 1,
    "sequence": 0,
    "created_user": null,
    "updated_user": null,
    "created_at": "2017-02-21T06:49:14Z",
    "updated_at": "2017-02-21T06:49:14Z"
  }
},
{
  "model": "data_api.orderitem",
  "pk": 17,
  "fields": {
    "product": 18,
    "quantity": 200.0,
    "uom": 1,
    "sequence": 0,
    "created_user": null,
    "updated_user": null,
    "created_at": "2017-02-21T06:49:19Z",
    "updated_at": "2017-02-21T06:49:19Z"
  }
},
{
  "model": "data_api.orderitem",
  "pk": 18,
  "fields": {
    "product": 1,
    "quantity": 6.0,
    "uom": 5,
    "sequence": 0,
    "created_user": null,
    "updated_user": null,
    "created_at": "2017-02-21T06:49:44Z",
    "updated_at": "2017-02-21T06:49:44Z"
  }
},
{
  "model": "data_api.orderitem",
  "pk": 20,
  "fields": {
    "product": 1,
    "quantity": 7.0,
    "uom": 5,
    "sequence": 0,
    "created_user": null,
    "updated_user": null,
    "created_at": "2017-02-21T06:50:08Z",
    "updated_at": "2017-02-21T06:50:08Z"
  }
},
{
  "model": "data_api.orderitem",
  "pk": 23,
  "fields": {
    "product": 16,
    "quantity": 30.0,
    "uom": 5,
    "sequence": 0,
    "created_user": null,
    "updated_user": null,
    "created_at": "2017-02-21T07:32:23Z",
    "updated_at": "2017-02-21T07:32:23Z"
  }
},
{
  "model": "data_api.orderitem",
  "pk": 24,
  "fields": {
    "product": 1,
    "quantity": 350.0,
    "uom": 1,
    "sequence": 0,
    "created_user": null,
    "updated_user": null,
    "created_at": "2017-04-05T09:07:47Z",
    "updated_at": "2017-04-05T09:07:47Z"
  }
},
{
  "model": "data_api.orderitem",
  "pk": 25,
  "fields": {
    "product": 2,
    "quantity": 100.0,
    "uom": 1,
    "sequence": 0,
    "created_user": null,
    "updated_user": null,
    "created_at": "2017-04-05T09:08:08Z",
    "updated_at": "2017-04-05T09:08:08Z"
  }
},
{
  "model": "data_api.inventoryitem",
  "pk": 1,
  "fields": {
    "product": 1,
    "quantity": 100.0,
    "uom": 6,
    "created_user": null,
    "updated_user": null,
    "created_at": "2016-12-01T10:12:42Z",
    "updated_at": "2016-12-01T10:12:42Z"
  }
},
{
  "model": "data_api.inventoryitem",
  "pk": 2,
  "fields": {
    "product": 2,
    "quantity": 200.0,
    "uom": 6,
    "created_user": null,
    "updated_user": null,
    "created_at": "2016-12-01T10:12:42Z",
    "updated_at": "2016-12-01T10:12:42Z"
  }
},
{
  "model": "data_api.location",
  "pk": 1,
  "fields": {
    "name": "\u0e04\u0e25\u0e31\u0e07\u0e2a\u0e34\u0e19\u0e04\u0e49\u0e32 Jump",
    "coord": 1,
    "location_type": "warehouse",
    "created_user": null,
    "updated_user": [
      "admin"
    ],
    "created_at": "2016-12-01T10:12:42Z",
    "updated_at": "2017-01-31T05:51:44Z",
    "time_windows": [],
    "items": [
      1,
      2
    ]
  }
},
{
  "model": "data_api.location",
  "pk": 2,
  "fields": {
    "name": "\u0e15\u0e25\u0e32\u0e14\u0e15\u0e2d\u0e07\u0e41\u0e1b\u0e14",
    "coord": 2,
    "location_type": "customer",
    "created_user": null,
    "updated_user": null,
    "created_at": "2016-12-01T10:12:42Z",
    "updated_at": "2016-12-01T10:12:43Z",
    "time_windows": [
      1
    ],
    "items": []
  }
},
{
  "model": "data_api.location",
  "pk": 3,
  "fields": {
    "name": "\u0e15\u0e25\u0e32\u0e14\u0e23\u0e48\u0e27\u0e21\u0e08\u0e34\u0e15\u0e23",
    "coord": 3,
    "location_type": "customer",
    "created_user": null,
    "updated_user": [
      "admin"
    ],
    "created_at": "2016-12-01T10:12:42Z",
    "updated_at": "2017-01-31T05:51:38Z",
    "time_windows": [
      2
    ],
    "items": [
      1
    ]
  }
},
{
  "model": "data_api.location",
  "pk": 7,
  "fields": {
    "name": "\u0e42\u0e23\u0e07\u0e40\u0e23\u0e35\u0e22\u0e19\u0e40\u0e1a\u0e35\u0e22\u0e23\u0e4c \u0e25\u0e32\u0e40\u0e15\u0e49",
    "coord": 7,
    "location_type": "customer",
    "created_user": null,
    "updated_user": null,
    "created_at": "2017-02-21T06:37:35Z",
    "updated_at": "2017-02-21T06:39:47Z",
    "time_windows": [],
    "items": []
  }
},
{
  "model": "data_api.location",
  "pk": 9,
  "fields": {
    "name": "\u0e27\u0e34\u0e17\u0e22\u0e32\u0e25\u0e31\u0e22\u0e23\u0e32\u0e0a\u0e20\u0e31\u0e0f\u0e2d\u0e38\u0e14\u0e23\u0e18\u0e32\u0e19\u0e35",
    "coord": 8,
    "location_type": "customer",
    "created_user": null,
    "updated_user": null,
    "created_at": "2017-02-21T06:39:08Z",
    "updated_at": "2017-02-21T06:39:08Z",
    "time_windows": [],
    "items": []
  }
},
{
  "model": "data_api.location",
  "pk": 10,
  "fields": {
    "name": "\u0e04\u0e25\u0e31\u0e07\u0e2a\u0e34\u0e19\u0e04\u0e49\u0e32\u0e28\u0e34\u0e25\u0e32",
    "coord": 5,
    "location_type": "warehouse",
    "created_user": null,
    "updated_user": null,
    "created_at": "2017-02-21T06:39:09Z",
    "updated_at": "2017-02-21T06:39:09Z",
    "time_windows": [],
    "items": []
  }
},
{
  "model": "data_api.location",
  "pk": 14,
  "fields": {
    "name": "Warehouse\u0e02\u0e2d\u0e19\u0e41\u0e01\u0e48\u0e19",
    "coord": 10,
    "location_type": "warehouse",
    "created_user": null,
    "updated_user": null,
    "created_at": "2017-02-21T06:40:19Z",
    "updated_at": "2017-02-21T06:40:19Z",
    "time_windows": [],
    "items": []
  }
},
{
  "model": "data_api.location",
  "pk": 15,
  "fields": {
    "name": "\u0e14\u0e34\u0e19\u0e41\u0e14\u0e19\u0e40\u0e1a\u0e35\u0e22\u0e23\u0e4c \u0e25\u0e32\u0e40\u0e15\u0e49",
    "coord": 11,
    "location_type": "customer",
    "created_user": null,
    "updated_user": null,
    "created_at": "2017-02-21T06:40:45Z",
    "updated_at": "2017-02-21T06:40:45Z",
    "time_windows": [],
    "items": []
  }
},
{
  "model": "data_api.location",
  "pk": 16,
  "fields": {
    "name": "Central KK",
    "coord": 12,
    "location_type": "customer",
    "created_user": null,
    "updated_user": null,
    "created_at": "2017-02-21T06:40:53Z",
    "updated_at": "2017-02-21T06:40:53Z",
    "time_windows": [],
    "items": []
  }
},
{
  "model": "data_api.location",
  "pk": 20,
  "fields": {
    "name": "\u0e42\u0e2d\u0e42\u0e21\u0e30",
    "coord": 13,
    "location_type": "customer",
    "created_user": null,
    "updated_user": null,
    "created_at": "2017-02-21T06:43:07Z",
    "updated_at": "2017-04-03T09:14:33Z",
    "time_windows": [],
    "items": []
  }
},
{
  "model": "data_api.location",
  "pk": 21,
  "fields": {
    "name": "\u0e18\u0e23\u0e23\u0e21\u0e01\u0e32\u0e22",
    "coord": 15,
    "location_type": "warehouse",
    "created_user": null,
    "updated_user": null,
    "created_at": "2017-02-21T06:44:54Z",
    "updated_at": "2017-02-21T06:44:54Z",
    "time_windows": [],
    "items": []
  }
},
{
  "model": "data_api.carrierclass",
  "pk": 1,
  "fields": {
    "carrier_type": "6w",
    "dimension": 1,
    "weight_cap": 7.0,
    "uom": 9,
    "created_user": null,
    "updated_user": null,
    "created_at": "2016-12-01T10:12:42Z",
    "updated_at": "2016-12-01T10:12:42Z"
  }
},
{
  "model": "data_api.carrierclass",
  "pk": 2,
  "fields": {
    "carrier_type": "pickup",
    "dimension": 2,
    "weight_cap": 1.5,
    "uom": 9,
    "created_user": null,
    "updated_user": null,
    "created_at": "2016-12-01T10:12:42Z",
    "updated_at": "2016-12-01T10:12:42Z"
  }
},
{
  "model": "data_api.carrierclass",
  "pk": 3,
  "fields": {
    "carrier_type": "10w",
    "dimension": 3,
    "weight_cap": 15.0,
    "uom": 9,
    "created_user": null,
    "updated_user": null,
    "created_at": "2016-12-01T10:12:42Z",
    "updated_at": "2016-12-01T10:12:42Z"
  }
},
{
  "model": "data_api.carrierclass",
  "pk": 4,
  "fields": {
    "carrier_type": "18w",
    "dimension": 4,
    "weight_cap": 30.0,
    "uom": 9,
    "created_user": null,
    "updated_user": null,
    "created_at": "2016-12-01T10:12:42Z",
    "updated_at": "2016-12-01T10:12:42Z"
  }
},
{
  "model": "data_api.carrierclass",
  "pk": 5,
  "fields": {
    "carrier_type": "18w",
    "dimension": 1,
    "weight_cap": 88.0,
    "uom": 9,
    "created_user": null,
    "updated_user": null,
    "created_at": "2017-02-09T04:55:26Z",
    "updated_at": "2017-02-09T04:55:26Z"
  }
},
{
  "model": "data_api.carrierclass",
  "pk": 6,
  "fields": {
    "carrier_type": "20w",
    "dimension": 26,
    "weight_cap": 200.0,
    "uom": 9,
    "created_user": null,
    "updated_user": null,
    "created_at": "2017-02-09T04:56:22Z",
    "updated_at": "2017-02-09T04:56:22Z"
  }
},
{
  "model": "data_api.carrierclass",
  "pk": 7,
  "fields": {
    "carrier_type": "32w",
    "dimension": 26,
    "weight_cap": 32.0,
    "uom": 9,
    "created_user": null,
    "updated_user": null,
    "created_at": "2017-02-09T04:58:18Z",
    "updated_at": "2017-02-09T04:58:18Z"
  }
},
{
  "model": "data_api.carrierclass",
  "pk": 8,
  "fields": {
    "carrier_type": "40w",
    "dimension": 26,
    "weight_cap": 40.0,
    "uom": 9,
    "created_user": null,
    "updated_user": null,
    "created_at": "2017-02-09T04:59:08Z",
    "updated_at": "2017-02-09T04:59:08Z"
  }
},
{
  "model": "data_api.carrierclass",
  "pk": 9,
  "fields": {
    "carrier_type": "42w",
    "dimension": 26,
    "weight_cap": 42.0,
    "uom": 9,
    "created_user": null,
    "updated_user": null,
    "created_at": "2017-02-09T05:00:45Z",
    "updated_at": "2017-02-09T05:00:45Z"
  }
},
{
  "model": "data_api.carrierclass",
  "pk": 10,
  "fields": {
    "carrier_type": "50w",
    "dimension": 26,
    "weight_cap": 50.0,
    "uom": 9,
    "created_user": null,
    "updated_user": null,
    "created_at": "2017-02-09T05:04:09Z",
    "updated_at": "2017-02-09T05:04:09Z"
  }
},
{
  "model": "data_api.carrierclass",
  "pk": 11,
  "fields": {
    "carrier_type": "55w",
    "dimension": 26,
    "weight_cap": 55.0,
    "uom": 9,
    "created_user": null,
    "updated_user": null,
    "created_at": "2017-02-09T05:05:21Z",
    "updated_at": "2017-02-09T05:05:21Z"
  }
},
{
  "model": "data_api.carrierclass",
  "pk": 12,
  "fields": {
    "carrier_type": "60w",
    "dimension": 27,
    "weight_cap": 60.0,
    "uom": 9,
    "created_user": null,
    "updated_user": null,
    "created_at": "2017-02-09T05:07:41Z",
    "updated_at": "2017-02-09T05:07:41Z"
  }
},
{
  "model": "data_api.carrier",
  "pk": 1,
  "fields": {
    "name": "\u0e1b\u0e2d 9876 \u0e02\u0e2d\u0e19\u0e41\u0e01\u0e48\u0e19",
    "carrier_class": 2,
    "fuel_cost": "0.50",
    "fuel_cost_type": "distance",
    "service_cost": "0.15",
    "service_cost_type": "year",
    "man_cost": "14500.00",
    "man_cost_type": "month",
    "fixed_cost": "10000.00",
    "fixed_cost_type": "trip",
    "is_occupied": true,
    "location": 1,
    "created_user": null,
    "updated_user": [
      "admin"
    ],
    "created_at": "2016-12-01T10:12:41Z",
    "updated_at": "2017-02-21T06:33:27Z"
  }
},
{
  "model": "data_api.carrier",
  "pk": 2,
  "fields": {
    "name": "\u0e2b\u0e25 1234 \u0e02\u0e2d\u0e19\u0e41\u0e01\u0e48\u0e19",
    "carrier_class": 1,
    "fuel_cost": "2.00",
    "fuel_cost_type": "distance",
    "service_cost": "0.50",
    "service_cost_type": "year",
    "man_cost": "16500.00",
    "man_cost_type": "month",
    "fixed_cost": "15000.00",
    "fixed_cost_type": "trip",
    "is_occupied": false,
    "location": 1,
    "created_user": null,
    "updated_user": [
      "admin"
    ],
    "created_at": "2016-12-01T10:12:41Z",
    "updated_at": "2017-01-31T05:49:35Z"
  }
},
{
  "model": "data_api.carrier",
  "pk": 3,
  "fields": {
    "name": "\u0e2a\u0e25 5678 \u0e02\u0e2d\u0e19\u0e41\u0e01\u0e48\u0e19",
    "carrier_class": 3,
    "fuel_cost": "3.50",
    "fuel_cost_type": "distance",
    "service_cost": "1.00",
    "service_cost_type": "year",
    "man_cost": "15000.00",
    "man_cost_type": "month",
    "fixed_cost": "20000.00",
    "fixed_cost_type": "trip",
    "is_occupied": false,
    "location": 1,
    "created_user": null,
    "updated_user": [
      "admin"
    ],
    "created_at": "2016-12-01T10:12:41Z",
    "updated_at": "2017-01-31T05:49:08Z"
  }
},
{
  "model": "data_api.carrier",
  "pk": 4,
  "fields": {
    "name": "test carrier edited3",
    "carrier_class": 11,
    "fuel_cost": "10.00",
    "fuel_cost_type": "distance",
    "service_cost": "20.00",
    "service_cost_type": "year",
    "man_cost": "0.00",
    "man_cost_type": "month",
    "fixed_cost": "30.00",
    "fixed_cost_type": "trip",
    "is_occupied": true,
    "location": 1,
    "created_user": null,
    "updated_user": null,
    "created_at": "2017-02-08T11:21:17Z",
    "updated_at": "2017-02-09T05:05:33Z"
  }
},
{
  "model": "data_api.carrier",
  "pk": 18,
  "fields": {
    "name": "\u0e1a\u0e31\u0e01\u0e40\u0e1e\u0e23\u0e0a",
    "carrier_class": 3,
    "fuel_cost": "3.00",
    "fuel_cost_type": "distance",
    "service_cost": "100.00",
    "service_cost_type": "trip",
    "man_cost": "500.00",
    "man_cost_type": "trip",
    "fixed_cost": "500.00",
    "fixed_cost_type": "trip",
    "is_occupied": false,
    "location": 1,
    "created_user": null,
    "updated_user": null,
    "created_at": "2017-02-21T06:29:39Z",
    "updated_at": "2017-02-21T06:29:39Z"
  }
},
{
  "model": "data_api.carrier",
  "pk": 19,
  "fields": {
    "name": "\u0e01\u0e02 1234 \u0e02\u0e2d\u0e19\u0e41\u0e01\u0e48\u0e19",
    "carrier_class": 2,
    "fuel_cost": "3.00",
    "fuel_cost_type": "distance",
    "service_cost": "3000.00",
    "service_cost_type": "month",
    "man_cost": "15000.00",
    "man_cost_type": "month",
    "fixed_cost": "0.00",
    "fixed_cost_type": "trip",
    "is_occupied": false,
    "location": 1,
    "created_user": null,
    "updated_user": null,
    "created_at": "2017-02-21T06:31:09Z",
    "updated_at": "2017-02-21T06:31:09Z"
  }
},
{
  "model": "data_api.carrier",
  "pk": 20,
  "fields": {
    "name": "\u0e01\u0e2a 2498 \u0e02\u0e2d\u0e19\u0e41\u0e01\u0e48\u0e19",
    "carrier_class": 2,
    "fuel_cost": "3.00",
    "fuel_cost_type": "distance",
    "service_cost": "10000.00",
    "service_cost_type": "year",
    "man_cost": "15000.00",
    "man_cost_type": "month",
    "fixed_cost": "0.00",
    "fixed_cost_type": "trip",
    "is_occupied": true,
    "location": 2,
    "created_user": null,
    "updated_user": null,
    "created_at": "2017-02-21T06:31:18Z",
    "updated_at": "2017-02-21T06:34:54Z"
  }
},
{
  "model": "data_api.carrier",
  "pk": 21,
  "fields": {
    "name": "\u0e01\u0e02111 \u0e02\u0e2d\u0e19\u0e41\u0e01\u0e48\u0e19",
    "carrier_class": 2,
    "fuel_cost": "3.00",
    "fuel_cost_type": "distance",
    "service_cost": "6000.00",
    "service_cost_type": "distance",
    "man_cost": "15000.00",
    "man_cost_type": "distance",
    "fixed_cost": "0.00",
    "fixed_cost_type": "distance",
    "is_occupied": true,
    "location": 1,
    "created_user": null,
    "updated_user": null,
    "created_at": "2017-02-21T06:31:32Z",
    "updated_at": "2017-02-21T06:31:32Z"
  }
},
{
  "model": "data_api.carrier",
  "pk": 22,
  "fields": {
    "name": "\u0e01\u0e02123",
    "carrier_class": 2,
    "fuel_cost": "3.00",
    "fuel_cost_type": "distance",
    "service_cost": "5000.00",
    "service_cost_type": "month",
    "man_cost": "3000.00",
    "man_cost_type": "distance",
    "fixed_cost": "0.00",
    "fixed_cost_type": "distance",
    "is_occupied": false,
    "location": 1,
    "created_user": null,
    "updated_user": null,
    "created_at": "2017-02-21T06:31:42Z",
    "updated_at": "2017-02-21T06:31:42Z"
  }
},
{
  "model": "data_api.carrier",
  "pk": 23,
  "fields": {
    "name": "\u0e2d\u0e2b 5555 \u0e02\u0e2d\u0e19\u0e41\u0e01\u0e48\u0e19",
    "carrier_class": 1,
    "fuel_cost": "6000.00",
    "fuel_cost_type": "day",
    "service_cost": "1500.00",
    "service_cost_type": "trip",
    "man_cost": "2000.00",
    "man_cost_type": "trip",
    "fixed_cost": "500.00",
    "fixed_cost_type": "day",
    "is_occupied": false,
    "location": 21,
    "created_user": null,
    "updated_user": null,
    "created_at": "2017-02-21T06:32:04Z",
    "updated_at": "2017-02-21T06:58:31Z"
  }
},
{
  "model": "data_api.carrier",
  "pk": 24,
  "fields": {
    "name": "test 1112",
    "carrier_class": 3,
    "fuel_cost": "12.00",
    "fuel_cost_type": "distance",
    "service_cost": "500.00",
    "service_cost_type": "trip",
    "man_cost": "30000.00",
    "man_cost_type": "month",
    "fixed_cost": "2000.00",
    "fixed_cost_type": "trip",
    "is_occupied": false,
    "location": 1,
    "created_user": null,
    "updated_user": null,
    "created_at": "2017-02-21T06:32:22Z",
    "updated_at": "2017-02-21T06:34:13Z"
  }
},
{
  "model": "data_api.carrier",
  "pk": 25,
  "fields": {
    "name": "\u0e04\u0e22 4567 \u0e02\u0e2d\u0e19\u0e41\u0e01\u0e48\u0e19",
    "carrier_class": 3,
    "fuel_cost": "3000.00",
    "fuel_cost_type": "day",
    "service_cost": "3000.00",
    "service_cost_type": "week",
    "man_cost": "2000.00",
    "man_cost_type": "trip",
    "fixed_cost": "3000.00",
    "fixed_cost_type": "trip",
    "is_occupied": false,
    "location": 1,
    "created_user": null,
    "updated_user": null,
    "created_at": "2017-02-21T06:32:39Z",
    "updated_at": "2017-02-21T06:33:05Z"
  }
},
{
  "model": "data_api.carrier",
  "pk": 27,
  "fields": {
    "name": "3461 \u0e02\u0e2d\u0e19\u0e41\u0e01\u0e48\u0e19",
    "carrier_class": 2,
    "fuel_cost": "3.00",
    "fuel_cost_type": "distance",
    "service_cost": "2500.00",
    "service_cost_type": "trip",
    "man_cost": "13000.00",
    "man_cost_type": "month",
    "fixed_cost": "20000.00",
    "fixed_cost_type": "month",
    "is_occupied": false,
    "location": 1,
    "created_user": null,
    "updated_user": null,
    "created_at": "2017-02-21T06:33:25Z",
    "updated_at": "2017-02-21T06:34:02Z"
  }
},
{
  "model": "data_api.customer",
  "pk": 1,
  "fields": {
    "name": "\u0e40\u0e08\u0e4a\u0e41\u0e14\u0e07",
    "address": "\u0e15\u0e25\u0e32\u0e14\u0e23\u0e48\u0e27\u0e21\u0e08\u0e34\u0e15\u0e23 \u0e16.\u0e23\u0e48\u0e27\u0e21\u0e08\u0e34\u0e15\u0e23 \u0e15.\u0e43\u0e19\u0e40\u0e21\u0e37\u0e2d\u0e07 \u0e2d.\u0e40\u0e21\u0e37\u0e2d\u0e07 \u0e08.\u0e02\u0e2d\u0e19\u0e41\u0e01\u0e48\u0e19 40000",
    "phone": "043-111111",
    "mobile": "090-2222222",
    "priority": 0,
    "created_user": null,
    "updated_user": [
      "admin"
    ],
    "created_at": "2016-12-01T10:12:42Z",
    "updated_at": "2017-01-31T05:50:35Z",
    "locations": [
      3
    ]
  }
},
{
  "model": "data_api.customer",
  "pk": 2,
  "fields": {
    "name": "\u0e40\u0e2e\u0e35\u0e22\u0e40\u0e15\u0e4b\u0e32",
    "address": "\u0e15\u0e25\u0e32\u0e14\u0e15\u0e2d\u0e07\u0e41\u0e1b\u0e14 \u0e16.\u0e23\u0e37\u0e48\u0e19\u0e23\u0e21\u0e22\u0e4c \u0e15.\u0e43\u0e19\u0e40\u0e21\u0e37\u0e2d\u0e07 \u0e2d.\u0e40\u0e21\u0e37\u0e2d\u0e07 \u0e08.\u0e02\u0e2d\u0e19\u0e41\u0e01\u0e48\u0e19 40000",
    "phone": "043-888888",
    "mobile": "081-8888888",
    "priority": 1,
    "created_user": null,
    "updated_user": [
      "admin"
    ],
    "created_at": "2016-12-01T10:12:42Z",
    "updated_at": "2017-01-31T05:50:29Z",
    "locations": [
      2
    ]
  }
},
{
  "model": "data_api.customer",
  "pk": 5,
  "fields": {
    "name": "\u0e22\u0e2d\u0e14\u0e23\u0e31\u0e01",
    "address": "\u0e02\u0e2d\u0e19\u0e41\u0e01\u0e48\u0e19",
    "phone": "0888888888",
    "mobile": "",
    "priority": 0,
    "created_user": null,
    "updated_user": [
      "admin"
    ],
    "created_at": "2017-01-17T07:05:17Z",
    "updated_at": "2017-02-09T04:39:56Z",
    "locations": []
  }
},
{
  "model": "data_api.customer",
  "pk": 6,
  "fields": {
    "name": "KKU",
    "address": "123 Mittrapap",
    "phone": "",
    "mobile": "",
    "priority": 0,
    "created_user": null,
    "updated_user": [
      "admin"
    ],
    "created_at": "2017-01-17T07:05:19Z",
    "updated_at": "2017-01-17T07:05:19Z",
    "locations": []
  }
},
{
  "model": "data_api.customer",
  "pk": 7,
  "fields": {
    "name": "RDC KK",
    "address": "123 Mitraphap",
    "phone": "",
    "mobile": "",
    "priority": 0,
    "created_user": null,
    "updated_user": [
      "admin"
    ],
    "created_at": "2017-01-17T07:05:23Z",
    "updated_at": "2017-01-17T07:05:23Z",
    "locations": []
  }
},
{
  "model": "data_api.customer",
  "pk": 8,
  "fields": {
    "name": "KK-DC",
    "address": "123",
    "phone": "",
    "mobile": "",
    "priority": 0,
    "created_user": null,
    "updated_user": [
      "admin"
    ],
    "created_at": "2017-01-17T07:05:24Z",
    "updated_at": "2017-01-17T07:06:15Z",
    "locations": []
  }
},
{
  "model": "data_api.customer",
  "pk": 9,
  "fields": {
    "name": "aa",
    "address": "123455",
    "phone": "",
    "mobile": "",
    "priority": 0,
    "created_user": null,
    "updated_user": [
      "admin"
    ],
    "created_at": "2017-01-17T07:05:28Z",
    "updated_at": "2017-01-17T07:05:28Z",
    "locations": []
  }
},
{
  "model": "data_api.customer",
  "pk": 10,
  "fields": {
    "name": "KKU",
    "address": "123 mitaprap",
    "phone": "",
    "mobile": "",
    "priority": 0,
    "created_user": null,
    "updated_user": [
      "admin"
    ],
    "created_at": "2017-01-17T07:05:29Z",
    "updated_at": "2017-01-17T07:05:29Z",
    "locations": []
  }
},
{
  "model": "data_api.customer",
  "pk": 11,
  "fields": {
    "name": "kku",
    "address": "123",
    "phone": "",
    "mobile": "",
    "priority": 0,
    "created_user": null,
    "updated_user": [
      "admin"
    ],
    "created_at": "2017-01-17T07:05:30Z",
    "updated_at": "2017-01-17T07:05:30Z",
    "locations": []
  }
},
{
  "model": "data_api.customer",
  "pk": 13,
  "fields": {
    "name": "ton",
    "address": "chatchawan 123",
    "phone": "",
    "mobile": "",
    "priority": 0,
    "created_user": null,
    "updated_user": [
      "admin"
    ],
    "created_at": "2017-01-17T07:05:53Z",
    "updated_at": "2017-01-17T07:05:53Z",
    "locations": []
  }
},
{
  "model": "data_api.customer",
  "pk": 15,
  "fields": {
    "name": "\u0e21\u0e13\u0e35",
    "address": "123 \u0e15.\u0e28\u0e34\u0e25\u0e32 \u0e2d.\u0e40\u0e21\u0e37\u0e2d\u0e07 \u0e08.\u0e02\u0e2d\u0e19\u0e41\u0e01\u0e48\u0e19",
    "phone": "045123456",
    "mobile": "0853126724",
    "priority": 0,
    "created_user": null,
    "updated_user": [
      "admin"
    ],
    "created_at": "2017-01-17T07:06:25Z",
    "updated_at": "2017-01-17T07:06:25Z",
    "locations": []
  }
},
{
  "model": "data_api.customer",
  "pk": 16,
  "fields": {
    "name": "\u0e1b\u0e31\u0e07\u0e1b\u0e2d\u0e19\u0e14\u0e4c",
    "address": "Lab",
    "phone": "",
    "mobile": "",
    "priority": 0,
    "created_user": null,
    "updated_user": [
      "admin"
    ],
    "created_at": "2017-01-17T07:49:36Z",
    "updated_at": "2017-01-17T07:49:36Z",
    "locations": []
  }
},
{
  "model": "data_api.customer",
  "pk": 17,
  "fields": {
    "name": "D",
    "address": null,
    "phone": null,
    "mobile": null,
    "priority": 0,
    "created_user": null,
    "updated_user": null,
    "created_at": "2017-01-19T05:06:19Z",
    "updated_at": "2017-01-19T05:06:19Z",
    "locations": []
  }
},
{
  "model": "data_api.customer",
  "pk": 18,
  "fields": {
    "name": "hello",
    "address": "hello's address",
    "phone": "0123456789",
    "mobile": "0912345678",
    "priority": 0,
    "created_user": null,
    "updated_user": null,
    "created_at": "2017-02-01T11:52:31Z",
    "updated_at": "2017-02-07T05:20:16Z",
    "locations": []
  }
},
{
  "model": "data_api.customer",
  "pk": 86,
  "fields": {
    "name": "\u0e40\u0e08\u0e4a\u0e40\u0e1f\u0e34\u0e19\u0e1a\u0e32\u0e07\u0e1e\u0e25\u0e35",
    "address": "NY",
    "phone": "0834567891",
    "mobile": "",
    "priority": 0,
    "created_user": null,
    "updated_user": null,
    "created_at": "2017-02-21T06:47:20Z",
    "updated_at": "2017-02-21T06:47:20Z",
    "locations": []
  }
},
{
  "model": "data_api.customer",
  "pk": 87,
  "fields": {
    "name": "peawch",
    "address": "56/8",
    "phone": "",
    "mobile": "",
    "priority": 0,
    "created_user": null,
    "updated_user": null,
    "created_at": "2017-02-21T06:51:19Z",
    "updated_at": "2017-02-21T06:51:19Z",
    "locations": []
  }
},
{
  "model": "data_api.order",
  "pk": 2,
  "fields": {
    "sequence": 1,
    "customer": 2,
    "order_type": "normal",
    "status": "new",
    "delivery_date": "2017-02-20",
    "source_location": 1,
    "delivery_location": 2,
    "created_user": null,
    "updated_user": [
      "admin"
    ],
    "created_at": "2016-12-01T10:12:43Z",
    "updated_at": "2017-04-03T07:27:59Z",
    "delivery_time_windows": [
      1
    ],
    "items": [
      2
    ]
  }
},
{
  "model": "data_api.order",
  "pk": 4,
  "fields": {
    "sequence": 0,
    "customer": 86,
    "order_type": "express",
    "status": "new",
    "delivery_date": "2017-02-21",
    "source_location": 1,
    "delivery_location": 21,
    "created_user": null,
    "updated_user": null,
    "created_at": "2017-02-21T06:43:30Z",
    "updated_at": "2017-04-03T08:42:12Z",
    "delivery_time_windows": [
      14
    ],
    "items": []
  }
},
{
  "model": "data_api.order",
  "pk": 5,
  "fields": {
    "sequence": 0,
    "customer": 6,
    "order_type": "express",
    "status": "new",
    "delivery_date": "2017-02-21",
    "source_location": 1,
    "delivery_location": 14,
    "created_user": null,
    "updated_user": null,
    "created_at": "2017-02-21T06:43:52Z",
    "updated_at": "2017-04-03T08:41:08Z",
    "delivery_time_windows": [
      13
    ],
    "items": [
      17
    ]
  }
},
{
  "model": "data_api.order",
  "pk": 6,
  "fields": {
    "sequence": 2,
    "customer": 8,
    "order_type": "normal",
    "status": "new",
    "delivery_date": "2017-02-21",
    "source_location": 1,
    "delivery_location": 3,
    "created_user": null,
    "updated_user": null,
    "created_at": "2017-02-21T06:44:18Z",
    "updated_at": "2017-02-21T07:32:27Z",
    "delivery_time_windows": [
      11
    ],
    "items": [
      23
    ]
  }
},
{
  "model": "data_api.order",
  "pk": 7,
  "fields": {
    "sequence": 0,
    "customer": 2,
    "order_type": "normal",
    "status": "new",
    "delivery_date": "2017-02-21",
    "source_location": 1,
    "delivery_location": 14,
    "created_user": null,
    "updated_user": null,
    "created_at": "2017-02-21T06:45:35Z",
    "updated_at": "2017-04-03T09:09:00Z",
    "delivery_time_windows": [
      4
    ],
    "items": [
      11,
      16
    ]
  }
},
{
  "model": "data_api.order",
  "pk": 8,
  "fields": {
    "sequence": 0,
    "customer": 15,
    "order_type": "normal",
    "status": "new",
    "delivery_date": "2017-02-21",
    "source_location": 1,
    "delivery_location": 9,
    "created_user": null,
    "updated_user": null,
    "created_at": "2017-02-21T06:45:37Z",
    "updated_at": "2017-04-03T08:55:26Z",
    "delivery_time_windows": [
      3
    ],
    "items": []
  }
},
{
  "model": "data_api.order",
  "pk": 9,
  "fields": {
    "sequence": 0,
    "customer": 1,
    "order_type": "express",
    "status": "new",
    "delivery_date": "2017-02-21",
    "source_location": 1,
    "delivery_location": 10,
    "created_user": null,
    "updated_user": null,
    "created_at": "2017-02-21T06:45:56Z",
    "updated_at": "2017-04-05T08:49:44Z",
    "delivery_time_windows": [
      5
    ],
    "items": [
      6
    ]
  }
},
{
  "model": "data_api.order",
  "pk": 10,
  "fields": {
    "sequence": 0,
    "customer": 11,
    "order_type": "normal",
    "status": "new",
    "delivery_date": "2017-02-21",
    "source_location": 1,
    "delivery_location": 20,
    "created_user": null,
    "updated_user": null,
    "created_at": "2017-02-21T06:46:17Z",
    "updated_at": "2017-02-21T06:48:07Z",
    "delivery_time_windows": [
      6
    ],
    "items": [
      8
    ]
  }
},
{
  "model": "data_api.order",
  "pk": 11,
  "fields": {
    "sequence": 0,
    "customer": 2,
    "order_type": "normal",
    "status": "new",
    "delivery_date": "2017-02-21",
    "source_location": 1,
    "delivery_location": 20,
    "created_user": null,
    "updated_user": null,
    "created_at": "2017-02-21T06:46:19Z",
    "updated_at": "2017-02-21T06:48:06Z",
    "delivery_time_windows": [
      8
    ],
    "items": [
      9
    ]
  }
},
{
  "model": "data_api.order",
  "pk": 12,
  "fields": {
    "sequence": 1,
    "customer": 16,
    "order_type": "normal",
    "status": "new",
    "delivery_date": "2017-02-20",
    "source_location": 1,
    "delivery_location": 15,
    "created_user": null,
    "updated_user": null,
    "created_at": "2017-02-21T06:46:42Z",
    "updated_at": "2017-04-03T08:43:29Z",
    "delivery_time_windows": [
      15
    ],
    "items": []
  }
},
{
  "model": "data_api.order",
  "pk": 13,
  "fields": {
    "sequence": 0,
    "customer": 6,
    "order_type": "express",
    "status": "new",
    "delivery_date": "2017-02-20",
    "source_location": 1,
    "delivery_location": 2,
    "created_user": null,
    "updated_user": null,
    "created_at": "2017-02-21T06:46:56Z",
    "updated_at": "2017-02-21T06:50:47Z",
    "delivery_time_windows": [
      10
    ],
    "items": [
      14
    ]
  }
},
{
  "model": "data_api.order",
  "pk": 14,
  "fields": {
    "sequence": 0,
    "customer": 5,
    "order_type": "normal",
    "status": "new",
    "delivery_date": "2017-02-20",
    "source_location": 1,
    "delivery_location": 7,
    "created_user": null,
    "updated_user": null,
    "created_at": "2017-02-21T06:47:40Z",
    "updated_at": "2017-04-05T09:08:28Z",
    "delivery_time_windows": [
      12
    ],
    "items": [
      24,
      25
    ]
  }
},
{
  "model": "data_api.mapoutway",
  "pk": 1,
  "fields": {
    "output_location": 2,
    "distance": 1.9,
    "distance_uom": 4,
    "duration": "00:07:00",
    "conversion_factor": 1.0,
    "created_user": null,
    "updated_user": [
      "admin"
    ],
    "created_at": "2016-12-26T10:47:25Z",
    "updated_at": "2016-12-26T10:47:25Z"
  }
},
{
  "model": "data_api.mapoutway",
  "pk": 2,
  "fields": {
    "output_location": 3,
    "distance": 2.0,
    "distance_uom": 4,
    "duration": "00:06:00",
    "conversion_factor": 1.1,
    "created_user": null,
    "updated_user": [
      "admin"
    ],
    "created_at": "2016-12-26T10:48:53Z",
    "updated_at": "2017-01-31T05:52:02Z"
  }
},
{
  "model": "data_api.mapoutway",
  "pk": 3,
  "fields": {
    "output_location": 1,
    "distance": 2.9,
    "distance_uom": 4,
    "duration": "00:08:00",
    "conversion_factor": 1.0,
    "created_user": null,
    "updated_user": [
      "admin"
    ],
    "created_at": "2016-12-27T03:04:04Z",
    "updated_at": "2016-12-27T03:04:04Z"
  }
},
{
  "model": "data_api.mapoutway",
  "pk": 4,
  "fields": {
    "output_location": 3,
    "distance": 1.4,
    "distance_uom": 4,
    "duration": "00:05:00",
    "conversion_factor": 1.2,
    "created_user": null,
    "updated_user": [
      "admin"
    ],
    "created_at": "2016-12-27T03:05:24Z",
    "updated_at": "2017-01-31T05:52:15Z"
  }
},
{
  "model": "data_api.mapoutway",
  "pk": 5,
  "fields": {
    "output_location": 1,
    "distance": 3.7,
    "distance_uom": 4,
    "duration": "00:09:00",
    "conversion_factor": 1.0,
    "created_user": null,
    "updated_user": [
      "admin"
    ],
    "created_at": "2016-12-27T03:08:40Z",
    "updated_at": "2016-12-27T03:08:40Z"
  }
},
{
  "model": "data_api.mapoutway",
  "pk": 6,
  "fields": {
    "output_location": 2,
    "distance": 1.9,
    "distance_uom": 4,
    "duration": "00:07:00",
    "conversion_factor": 2.0,
    "created_user": null,
    "updated_user": [
      "admin"
    ],
    "created_at": "2016-12-27T03:09:43Z",
    "updated_at": "2017-01-31T05:52:28Z"
  }
},
{
  "model": "data_api.mapoutway",
  "pk": 7,
  "fields": {
    "output_location": 7,
    "distance": 1.6,
    "distance_uom": 4,
    "duration": "00:02:30",
    "conversion_factor": 1.0,
    "created_user": null,
    "updated_user": [
      "admin"
    ],
    "created_at": "2017-04-04T03:44:54Z",
    "updated_at": "2017-04-04T04:02:27Z"
  }
},
{
  "model": "data_api.mapoutway",
  "pk": 8,
  "fields": {
    "output_location": 9,
    "distance": 117.9,
    "distance_uom": 4,
    "duration": "01:30:00",
    "conversion_factor": 1.0,
    "created_user": null,
    "updated_user": [
      "admin"
    ],
    "created_at": "2017-04-04T03:47:10Z",
    "updated_at": "2017-04-04T03:47:10Z"
  }
},
{
  "model": "data_api.mapoutway",
  "pk": 9,
  "fields": {
    "output_location": 10,
    "distance": 5.3,
    "distance_uom": 4,
    "duration": "00:10:00",
    "conversion_factor": 1.0,
    "created_user": null,
    "updated_user": [
      "admin"
    ],
    "created_at": "2017-04-04T03:49:40Z",
    "updated_at": "2017-04-04T03:49:40Z"
  }
},
{
  "model": "data_api.mapoutway",
  "pk": 10,
  "fields": {
    "output_location": 14,
    "distance": 2.5,
    "distance_uom": 4,
    "duration": "00:04:30",
    "conversion_factor": 1.0,
    "created_user": null,
    "updated_user": [
      "admin"
    ],
    "created_at": "2017-04-04T03:51:30Z",
    "updated_at": "2017-04-04T04:02:02Z"
  }
},
{
  "model": "data_api.mapoutway",
  "pk": 11,
  "fields": {
    "output_location": 15,
    "distance": 5.7,
    "distance_uom": 4,
    "duration": "00:10:00",
    "conversion_factor": 1.0,
    "created_user": null,
    "updated_user": [
      "admin"
    ],
    "created_at": "2017-04-04T03:53:30Z",
    "updated_at": "2017-04-04T03:53:30Z"
  }
},
{
  "model": "data_api.mapoutway",
  "pk": 12,
  "fields": {
    "output_location": 20,
    "distance": 343.7,
    "distance_uom": 4,
    "duration": "04:09:00",
    "conversion_factor": 1.0,
    "created_user": null,
    "updated_user": [
      "admin"
    ],
    "created_at": "2017-04-04T03:57:18Z",
    "updated_at": "2017-04-04T03:57:18Z"
  }
},
{
  "model": "data_api.mapoutway",
  "pk": 13,
  "fields": {
    "output_location": 21,
    "distance": 407.9,
    "distance_uom": 4,
    "duration": "05:00:00",
    "conversion_factor": 1.0,
    "created_user": null,
    "updated_user": [
      "admin"
    ],
    "created_at": "2017-04-04T04:01:07Z",
    "updated_at": "2017-04-04T04:01:07Z"
  }
},
{
  "model": "data_api.mapoutway",
  "pk": 14,
  "fields": {
    "output_location": 7,
    "distance": 1.1,
    "distance_uom": 4,
    "duration": "00:03:00",
    "conversion_factor": 1.0,
    "created_user": null,
    "updated_user": [
      "admin"
    ],
    "created_at": "2017-04-04T04:19:38Z",
    "updated_at": "2017-04-04T04:19:38Z"
  }
},
{
  "model": "data_api.mapoutway",
  "pk": 15,
  "fields": {
    "output_location": 9,
    "distance": 119.0,
    "distance_uom": 4,
    "duration": "01:30:00",
    "conversion_factor": 1.0,
    "created_user": null,
    "updated_user": [
      "admin"
    ],
    "created_at": "2017-04-04T04:20:57Z",
    "updated_at": "2017-04-04T04:20:57Z"
  }
},
{
  "model": "data_api.mapoutway",
  "pk": 16,
  "fields": {
    "output_location": 10,
    "distance": 5.3,
    "distance_uom": 4,
    "duration": "00:13:00",
    "conversion_factor": 1.0,
    "created_user": null,
    "updated_user": [
      "admin"
    ],
    "created_at": "2017-04-04T04:23:29Z",
    "updated_at": "2017-04-04T04:23:29Z"
  }
},
{
  "model": "data_api.mapoutway",
  "pk": 17,
  "fields": {
    "output_location": 14,
    "distance": 2.8,
    "distance_uom": 4,
    "duration": "00:07:00",
    "conversion_factor": 1.0,
    "created_user": null,
    "updated_user": [
      "admin"
    ],
    "created_at": "2017-04-04T04:24:57Z",
    "updated_at": "2017-04-04T04:24:57Z"
  }
},
{
  "model": "data_api.mapoutway",
  "pk": 18,
  "fields": {
    "output_location": 15,
    "distance": 6.8,
    "distance_uom": 4,
    "duration": "00:12:00",
    "conversion_factor": 1.0,
    "created_user": null,
    "updated_user": [
      "admin"
    ],
    "created_at": "2017-04-04T04:26:10Z",
    "updated_at": "2017-04-04T04:26:10Z"
  }
},
{
  "model": "data_api.mapoutway",
  "pk": 19,
  "fields": {
    "output_location": 16,
    "distance": 2.8,
    "distance_uom": 4,
    "duration": "00:06:00",
    "conversion_factor": 1.0,
    "created_user": null,
    "updated_user": [
      "admin"
    ],
    "created_at": "2017-04-04T04:28:47Z",
    "updated_at": "2017-04-04T04:28:47Z"
  }
},
{
  "model": "data_api.mapoutway",
  "pk": 20,
  "fields": {
    "output_location": 20,
    "distance": 343.6,
    "distance_uom": 4,
    "duration": "04:10:00",
    "conversion_factor": 1.0,
    "created_user": null,
    "updated_user": [
      "admin"
    ],
    "created_at": "2017-04-04T04:30:02Z",
    "updated_at": "2017-04-04T04:30:02Z"
  }
},
{
  "model": "data_api.mapoutway",
  "pk": 21,
  "fields": {
    "output_location": 21,
    "distance": 407.8,
    "distance_uom": 4,
    "duration": "05:00:00",
    "conversion_factor": 1.0,
    "created_user": null,
    "updated_user": [
      "admin"
    ],
    "created_at": "2017-04-04T04:31:05Z",
    "updated_at": "2017-04-04T04:31:05Z"
  }
},
{
  "model": "data_api.mapoutway",
  "pk": 22,
  "fields": {
    "output_location": 16,
    "distance": 889.0,
    "distance_uom": 2,
    "duration": "00:02:30",
    "conversion_factor": 1.0,
    "created_user": null,
    "updated_user": [
      "admin"
    ],
    "created_at": "2017-04-04T04:33:20Z",
    "updated_at": "2017-04-04T04:33:20Z"
  }
},
{
  "model": "data_api.mapoutway",
  "pk": 23,
  "fields": {
    "output_location": 7,
    "distance": 647.0,
    "distance_uom": 2,
    "duration": "00:01:30",
    "conversion_factor": 1.0,
    "created_user": null,
    "updated_user": [
      "admin"
    ],
    "created_at": "2017-04-04T04:36:46Z",
    "updated_at": "2017-04-04T04:36:46Z"
  }
},
{
  "model": "data_api.mapoutway",
  "pk": 24,
  "fields": {
    "output_location": 9,
    "distance": 118.4,
    "distance_uom": 4,
    "duration": "01:30:00",
    "conversion_factor": 1.0,
    "created_user": null,
    "updated_user": [
      "admin"
    ],
    "created_at": "2017-04-04T04:38:15Z",
    "updated_at": "2017-04-04T04:38:15Z"
  }
},
{
  "model": "data_api.mapoutway",
  "pk": 25,
  "fields": {
    "output_location": 10,
    "distance": 3.8,
    "distance_uom": 4,
    "duration": "00:10:00",
    "conversion_factor": 1.0,
    "created_user": null,
    "updated_user": [
      "admin"
    ],
    "created_at": "2017-04-04T04:39:11Z",
    "updated_at": "2017-04-04T04:39:11Z"
  }
},
{
  "model": "data_api.mapoutway",
  "pk": 26,
  "fields": {
    "output_location": 14,
    "distance": 2.5,
    "distance_uom": 4,
    "duration": "00:06:00",
    "conversion_factor": 1.0,
    "created_user": null,
    "updated_user": [
      "admin"
    ],
    "created_at": "2017-04-04T04:40:10Z",
    "updated_at": "2017-04-04T04:40:10Z"
  }
},
{
  "model": "data_api.mapoutway",
  "pk": 27,
  "fields": {
    "output_location": 15,
    "distance": 6.2,
    "distance_uom": 4,
    "duration": "00:11:00",
    "conversion_factor": 1.0,
    "created_user": null,
    "updated_user": [
      "admin"
    ],
    "created_at": "2017-04-04T04:41:06Z",
    "updated_at": "2017-04-04T04:41:06Z"
  }
},
{
  "model": "data_api.mapoutway",
  "pk": 28,
  "fields": {
    "output_location": 16,
    "distance": 2.5,
    "distance_uom": 4,
    "duration": "00:04:30",
    "conversion_factor": 1.0,
    "created_user": null,
    "updated_user": [
      "admin"
    ],
    "created_at": "2017-04-04T04:42:13Z",
    "updated_at": "2017-04-04T04:42:13Z"
  }
},
{
  "model": "data_api.mapoutway",
  "pk": 29,
  "fields": {
    "output_location": 20,
    "distance": 345.0,
    "distance_uom": 4,
    "duration": "04:11:00",
    "conversion_factor": 1.0,
    "created_user": null,
    "updated_user": [
      "admin"
    ],
    "created_at": "2017-04-04T04:43:28Z",
    "updated_at": "2017-04-04T04:43:28Z"
  }
},
{
  "model": "data_api.mapoutway",
  "pk": 30,
  "fields": {
    "output_location": 21,
    "distance": 409.2,
    "distance_uom": 4,
    "duration": "05:00:00",
    "conversion_factor": 1.0,
    "created_user": null,
    "updated_user": [
      "admin"
    ],
    "created_at": "2017-04-04T04:44:18Z",
    "updated_at": "2017-04-04T04:44:18Z"
  }
},
{
  "model": "data_api.mapoutway",
  "pk": 31,
  "fields": {
    "output_location": 1,
    "distance": 2.9,
    "distance_uom": 4,
    "duration": "00:04:00",
    "conversion_factor": 1.0,
    "created_user": null,
    "updated_user": [
      "admin"
    ],
    "created_at": "2017-04-04T04:47:15Z",
    "updated_at": "2017-04-04T04:47:15Z"
  }
},
{
  "model": "data_api.mapoutway",
  "pk": 32,
  "fields": {
    "output_location": 2,
    "distance": 1.1,
    "distance_uom": 4,
    "duration": "00:03:00",
    "conversion_factor": 1.0,
    "created_user": null,
    "updated_user": [
      "admin"
    ],
    "created_at": "2017-04-04T04:48:04Z",
    "updated_at": "2017-04-04T04:48:04Z"
  }
},
{
  "model": "data_api.mapoutway",
  "pk": 33,
  "fields": {
    "output_location": 3,
    "distance": 647.5,
    "distance_uom": 2,
    "duration": "00:01:30",
    "conversion_factor": 1.0,
    "created_user": null,
    "updated_user": [
      "admin"
    ],
    "created_at": "2017-04-04T04:48:59Z",
    "updated_at": "2017-04-04T04:48:59Z"
  }
},
{
  "model": "data_api.mapoutway",
  "pk": 34,
  "fields": {
    "output_location": 9,
    "distance": 118.0,
    "distance_uom": 4,
    "duration": "01:30:00",
    "conversion_factor": 1.0,
    "created_user": null,
    "updated_user": [
      "admin"
    ],
    "created_at": "2017-04-04T04:49:59Z",
    "updated_at": "2017-04-04T04:49:59Z"
  }
},
{
  "model": "data_api.mapoutway",
  "pk": 35,
  "fields": {
    "output_location": 10,
    "distance": 3.9,
    "distance_uom": 4,
    "duration": "00:09:00",
    "conversion_factor": 1.0,
    "created_user": null,
    "updated_user": [
      "admin"
    ],
    "created_at": "2017-04-04T04:50:58Z",
    "updated_at": "2017-04-04T04:50:58Z"
  }
},
{
  "model": "data_api.mapoutway",
  "pk": 36,
  "fields": {
    "output_location": 14,
    "distance": 2.1,
    "distance_uom": 4,
    "duration": "00:04:30",
    "conversion_factor": 1.0,
    "created_user": null,
    "updated_user": [
      "admin"
    ],
    "created_at": "2017-04-04T04:51:43Z",
    "updated_at": "2017-04-04T04:51:43Z"
  }
},
{
  "model": "data_api.mapoutway",
  "pk": 37,
  "fields": {
    "output_location": 15,
    "distance": 5.8,
    "distance_uom": 4,
    "duration": "00:10:00",
    "conversion_factor": 1.0,
    "created_user": null,
    "updated_user": [
      "admin"
    ],
    "created_at": "2017-04-04T04:52:38Z",
    "updated_at": "2017-04-04T04:52:38Z"
  }
},
{
  "model": "data_api.mapoutway",
  "pk": 38,
  "fields": {
    "output_location": 16,
    "distance": 2.0,
    "distance_uom": 4,
    "duration": "00:04:00",
    "conversion_factor": 1.0,
    "created_user": null,
    "updated_user": [
      "admin"
    ],
    "created_at": "2017-04-04T04:53:14Z",
    "updated_at": "2017-04-04T04:53:14Z"
  }
},
{
  "model": "data_api.mapoutway",
  "pk": 39,
  "fields": {
    "output_location": 20,
    "distance": 344.8,
    "distance_uom": 4,
    "duration": "04:11:00",
    "conversion_factor": 1.0,
    "created_user": null,
    "updated_user": [
      "admin"
    ],
    "created_at": "2017-04-04T04:54:13Z",
    "updated_at": "2017-04-04T04:54:13Z"
  }
},
{
  "model": "data_api.mapoutway",
  "pk": 40,
  "fields": {
    "output_location": 21,
    "distance": 409.0,
    "distance_uom": 4,
    "duration": "05:00:00",
    "conversion_factor": 1.0,
    "created_user": null,
    "updated_user": [
      "admin"
    ],
    "created_at": "2017-04-04T04:54:56Z",
    "updated_at": "2017-04-04T04:54:56Z"
  }
},
{
  "model": "data_api.mapoutway",
  "pk": 41,
  "fields": {
    "output_location": 1,
    "distance": 119.9,
    "distance_uom": 4,
    "duration": "01:32:00",
    "conversion_factor": 1.0,
    "created_user": null,
    "updated_user": [
      "admin"
    ],
    "created_at": "2017-04-04T04:57:53Z",
    "updated_at": "2017-04-04T04:57:53Z"
  }
},
{
  "model": "data_api.mapoutway",
  "pk": 42,
  "fields": {
    "output_location": 2,
    "distance": 119.8,
    "distance_uom": 4,
    "duration": "01:32:00",
    "conversion_factor": 1.0,
    "created_user": null,
    "updated_user": [
      "admin"
    ],
    "created_at": "2017-04-04T04:58:46Z",
    "updated_at": "2017-04-04T04:58:46Z"
  }
},
{
  "model": "data_api.mapoutway",
  "pk": 43,
  "fields": {
    "output_location": 3,
    "distance": 119.9,
    "distance_uom": 4,
    "duration": "01:31:00",
    "conversion_factor": 1.0,
    "created_user": null,
    "updated_user": [
      "admin"
    ],
    "created_at": "2017-04-04T04:59:38Z",
    "updated_at": "2017-04-04T04:59:38Z"
  }
},
{
  "model": "data_api.mapoutway",
  "pk": 44,
  "fields": {
    "output_location": 7,
    "distance": 118.7,
    "distance_uom": 4,
    "duration": "01:30:00",
    "conversion_factor": 1.0,
    "created_user": null,
    "updated_user": [
      "admin"
    ],
    "created_at": "2017-04-04T05:00:17Z",
    "updated_at": "2017-04-04T05:00:17Z"
  }
},
{
  "model": "data_api.mapoutway",
  "pk": 45,
  "fields": {
    "output_location": 16,
    "distance": 118.2,
    "distance_uom": 4,
    "duration": "01:30:00",
    "conversion_factor": 1.0,
    "created_user": null,
    "updated_user": [
      "admin"
    ],
    "created_at": "2017-04-04T05:00:55Z",
    "updated_at": "2017-04-04T05:00:55Z"
  }
},
{
  "model": "data_api.mapoutway",
  "pk": 46,
  "fields": {
    "output_location": 20,
    "distance": 461.8,
    "distance_uom": 4,
    "duration": "05:38:00",
    "conversion_factor": 1.0,
    "created_user": null,
    "updated_user": [
      "admin"
    ],
    "created_at": "2017-04-04T05:01:53Z",
    "updated_at": "2017-04-04T05:01:53Z"
  }
},
{
  "model": "data_api.mapoutway",
  "pk": 47,
  "fields": {
    "output_location": 21,
    "distance": 526.0,
    "distance_uom": 4,
    "duration": "06:26:00",
    "conversion_factor": 1.0,
    "created_user": null,
    "updated_user": [
      "admin"
    ],
    "created_at": "2017-04-04T05:02:40Z",
    "updated_at": "2017-04-04T05:02:40Z"
  }
},
{
  "model": "data_api.mapoutway",
  "pk": 48,
  "fields": {
    "output_location": 1,
    "distance": 6.5,
    "distance_uom": 4,
    "duration": "00:12:00",
    "conversion_factor": 1.0,
    "created_user": null,
    "updated_user": [
      "admin"
    ],
    "created_at": "2017-04-04T07:19:52Z",
    "updated_at": "2017-04-04T07:19:52Z"
  }
},
{
  "model": "data_api.mapoutway",
  "pk": 49,
  "fields": {
    "output_location": 2,
    "distance": 5.2,
    "distance_uom": 4,
    "duration": "00:12:00",
    "conversion_factor": 1.0,
    "created_user": null,
    "updated_user": [
      "admin"
    ],
    "created_at": "2017-04-04T07:20:32Z",
    "updated_at": "2017-04-04T07:20:32Z"
  }
},
{
  "model": "data_api.mapoutway",
  "pk": 50,
  "fields": {
    "output_location": 3,
    "distance": 4.3,
    "distance_uom": 4,
    "duration": "00:10:00",
    "conversion_factor": 1.0,
    "created_user": null,
    "updated_user": [
      "admin"
    ],
    "created_at": "2017-04-04T07:22:11Z",
    "updated_at": "2017-04-04T07:22:11Z"
  }
},
{
  "model": "data_api.mapoutway",
  "pk": 51,
  "fields": {
    "output_location": 7,
    "distance": 4.1,
    "distance_uom": 4,
    "duration": "00:09:00",
    "conversion_factor": 1.0,
    "created_user": null,
    "updated_user": [
      "admin"
    ],
    "created_at": "2017-04-04T07:22:52Z",
    "updated_at": "2017-04-04T07:22:52Z"
  }
},
{
  "model": "data_api.mapoutway",
  "pk": 52,
  "fields": {
    "output_location": 9,
    "distance": 116.9,
    "distance_uom": 4,
    "duration": "01:31:00",
    "conversion_factor": 1.0,
    "created_user": null,
    "updated_user": [
      "admin"
    ],
    "created_at": "2017-04-04T07:23:43Z",
    "updated_at": "2017-04-04T07:23:43Z"
  }
},
{
  "model": "data_api.mapoutway",
  "pk": 53,
  "fields": {
    "output_location": 14,
    "distance": 2.8,
    "distance_uom": 4,
    "duration": "00:07:00",
    "conversion_factor": 1.0,
    "created_user": null,
    "updated_user": [
      "admin"
    ],
    "created_at": "2017-04-04T07:25:05Z",
    "updated_at": "2017-04-04T07:25:05Z"
  }
},
{
  "model": "data_api.mapoutway",
  "pk": 54,
  "fields": {
    "output_location": 15,
    "distance": 4.7,
    "distance_uom": 4,
    "duration": "00:11:00",
    "conversion_factor": 1.0,
    "created_user": null,
    "updated_user": [
      "admin"
    ],
    "created_at": "2017-04-04T07:25:51Z",
    "updated_at": "2017-04-04T07:25:51Z"
  }
},
{
  "model": "data_api.mapoutway",
  "pk": 55,
  "fields": {
    "output_location": 16,
    "distance": 4.6,
    "distance_uom": 4,
    "duration": "00:10:00",
    "conversion_factor": 1.0,
    "created_user": null,
    "updated_user": [
      "admin"
    ],
    "created_at": "2017-04-04T07:27:00Z",
    "updated_at": "2017-04-04T07:27:00Z"
  }
},
{
  "model": "data_api.mapoutway",
  "pk": 56,
  "fields": {
    "output_location": 20,
    "distance": 348.4,
    "distance_uom": 4,
    "duration": "04:18:00",
    "conversion_factor": 1.0,
    "created_user": null,
    "updated_user": [
      "admin"
    ],
    "created_at": "2017-04-04T07:28:05Z",
    "updated_at": "2017-04-04T07:28:05Z"
  }
},
{
  "model": "data_api.mapoutway",
  "pk": 57,
  "fields": {
    "output_location": 21,
    "distance": 412.6,
    "distance_uom": 4,
    "duration": "05:06:00",
    "conversion_factor": 1.0,
    "created_user": null,
    "updated_user": [
      "admin"
    ],
    "created_at": "2017-04-04T07:28:44Z",
    "updated_at": "2017-04-04T07:28:44Z"
  }
},
{
  "model": "data_api.mapoutway",
  "pk": 58,
  "fields": {
    "output_location": 1,
    "distance": 3.6,
    "distance_uom": 4,
    "duration": "00:05:00",
    "conversion_factor": 1.0,
    "created_user": null,
    "updated_user": [
      "admin"
    ],
    "created_at": "2017-04-04T07:30:58Z",
    "updated_at": "2017-04-04T07:30:58Z"
  }
},
{
  "model": "data_api.mapoutway",
  "pk": 59,
  "fields": {
    "output_location": 2,
    "distance": 3.1,
    "distance_uom": 4,
    "duration": "00:07:00",
    "conversion_factor": 1.0,
    "created_user": null,
    "updated_user": [
      "admin"
    ],
    "created_at": "2017-04-04T07:40:53Z",
    "updated_at": "2017-04-04T07:40:53Z"
  }
},
{
  "model": "data_api.mapoutway",
  "pk": 60,
  "fields": {
    "output_location": 3,
    "distance": 3.0,
    "distance_uom": 4,
    "duration": "00:06:00",
    "conversion_factor": 1.0,
    "created_user": null,
    "updated_user": [
      "admin"
    ],
    "created_at": "2017-04-04T07:42:00Z",
    "updated_at": "2017-04-04T07:42:00Z"
  }
},
{
  "model": "data_api.mapoutway",
  "pk": 61,
  "fields": {
    "output_location": 7,
    "distance": 2.4,
    "distance_uom": 4,
    "duration": "00:04:00",
    "conversion_factor": 1.0,
    "created_user": null,
    "updated_user": [
      "admin"
    ],
    "created_at": "2017-04-04T07:42:38Z",
    "updated_at": "2017-04-04T07:42:38Z"
  }
},
{
  "model": "data_api.mapoutway",
  "pk": 62,
  "fields": {
    "output_location": 16,
    "distance": 1.8,
    "distance_uom": 4,
    "duration": "00:03:00",
    "conversion_factor": 1.0,
    "created_user": null,
    "updated_user": [
      "admin"
    ],
    "created_at": "2017-04-04T07:43:09Z",
    "updated_at": "2017-04-04T07:43:09Z"
  }
},
{
  "model": "data_api.mapoutway",
  "pk": 63,
  "fields": {
    "output_location": 10,
    "distance": 2.8,
    "distance_uom": 4,
    "duration": "00:07:00",
    "conversion_factor": 1.0,
    "created_user": null,
    "updated_user": [
      "admin"
    ],
    "created_at": "2017-04-04T07:44:27Z",
    "updated_at": "2017-04-04T07:44:27Z"
  }
},
{
  "model": "data_api.mapoutway",
  "pk": 64,
  "fields": {
    "output_location": 15,
    "distance": 5.4,
    "distance_uom": 4,
    "duration": "00:09:00",
    "conversion_factor": 1.0,
    "created_user": null,
    "updated_user": [
      "admin"
    ],
    "created_at": "2017-04-04T07:45:22Z",
    "updated_at": "2017-04-04T07:45:22Z"
  }
},
{
  "model": "data_api.mapoutway",
  "pk": 65,
  "fields": {
    "output_location": 9,
    "distance": 117.6,
    "distance_uom": 4,
    "duration": "01:29:00",
    "conversion_factor": 1.0,
    "created_user": null,
    "updated_user": [
      "admin"
    ],
    "created_at": "2017-04-04T07:46:31Z",
    "updated_at": "2017-04-04T07:46:31Z"
  }
},
{
  "model": "data_api.mapoutway",
  "pk": 66,
  "fields": {
    "output_location": 20,
    "distance": 345.5,
    "distance_uom": 4,
    "duration": "04:12:00",
    "conversion_factor": 1.0,
    "created_user": null,
    "updated_user": [
      "admin"
    ],
    "created_at": "2017-04-04T07:47:50Z",
    "updated_at": "2017-04-04T07:47:50Z"
  }
},
{
  "model": "data_api.mapoutway",
  "pk": 67,
  "fields": {
    "output_location": 21,
    "distance": 409.7,
    "distance_uom": 4,
    "duration": "05:00:00",
    "conversion_factor": 1.0,
    "created_user": null,
    "updated_user": [
      "admin"
    ],
    "created_at": "2017-04-04T07:48:37Z",
    "updated_at": "2017-04-04T07:48:37Z"
  }
},
{
  "model": "data_api.mapoutway",
  "pk": 68,
  "fields": {
    "output_location": 1,
    "distance": 6.9,
    "distance_uom": 4,
    "duration": "00:11:00",
    "conversion_factor": 1.0,
    "created_user": null,
    "updated_user": [
      "admin"
    ],
    "created_at": "2017-04-04T07:50:42Z",
    "updated_at": "2017-04-04T07:50:42Z"
  }
},
{
  "model": "data_api.mapoutway",
  "pk": 69,
  "fields": {
    "output_location": 2,
    "distance": 6.8,
    "distance_uom": 4,
    "duration": "00:12:00",
    "conversion_factor": 1.0,
    "created_user": null,
    "updated_user": [
      "admin"
    ],
    "created_at": "2017-04-04T07:51:18Z",
    "updated_at": "2017-04-04T07:51:18Z"
  }
},
{
  "model": "data_api.mapoutway",
  "pk": 70,
  "fields": {
    "output_location": 3,
    "distance": 6.9,
    "distance_uom": 4,
    "duration": "00:11:00",
    "conversion_factor": 1.0,
    "created_user": null,
    "updated_user": [
      "admin"
    ],
    "created_at": "2017-04-04T07:51:59Z",
    "updated_at": "2017-04-04T07:51:59Z"
  }
},
{
  "model": "data_api.mapoutway",
  "pk": 71,
  "fields": {
    "output_location": 7,
    "distance": 5.7,
    "distance_uom": 4,
    "duration": "00:10:00",
    "conversion_factor": 1.0,
    "created_user": null,
    "updated_user": [
      "admin"
    ],
    "created_at": "2017-04-04T07:52:35Z",
    "updated_at": "2017-04-04T07:52:35Z"
  }
},
{
  "model": "data_api.mapoutway",
  "pk": 72,
  "fields": {
    "output_location": 10,
    "distance": 4.0,
    "distance_uom": 4,
    "duration": "00:10:00",
    "conversion_factor": 1.0,
    "created_user": null,
    "updated_user": [
      "admin"
    ],
    "created_at": "2017-04-04T07:53:17Z",
    "updated_at": "2017-04-04T07:53:17Z"
  }
},
{
  "model": "data_api.mapoutway",
  "pk": 73,
  "fields": {
    "output_location": 14,
    "distance": 3.5,
    "distance_uom": 4,
    "duration": "00:07:00",
    "conversion_factor": 1.0,
    "created_user": null,
    "updated_user": [
      "admin"
    ],
    "created_at": "2017-04-04T07:54:00Z",
    "updated_at": "2017-04-04T07:54:00Z"
  }
},
{
  "model": "data_api.mapoutway",
  "pk": 74,
  "fields": {
    "output_location": 16,
    "distance": 5.2,
    "distance_uom": 4,
    "duration": "00:09:00",
    "conversion_factor": 1.0,
    "created_user": null,
    "updated_user": [
      "admin"
    ],
    "created_at": "2017-04-04T07:54:33Z",
    "updated_at": "2017-04-04T07:54:33Z"
  }
},
{
  "model": "data_api.mapoutway",
  "pk": 75,
  "fields": {
    "output_location": 9,
    "distance": 114.2,
    "distance_uom": 4,
    "duration": "01:26:00",
    "conversion_factor": 1.0,
    "created_user": null,
    "updated_user": [
      "admin"
    ],
    "created_at": "2017-04-04T07:55:46Z",
    "updated_at": "2017-04-04T07:55:46Z"
  }
},
{
  "model": "data_api.mapoutway",
  "pk": 76,
  "fields": {
    "output_location": 20,
    "distance": 348.8,
    "distance_uom": 4,
    "duration": "04:17:00",
    "conversion_factor": 1.0,
    "created_user": null,
    "updated_user": [
      "admin"
    ],
    "created_at": "2017-04-04T07:56:38Z",
    "updated_at": "2017-04-04T07:56:38Z"
  }
},
{
  "model": "data_api.mapoutway",
  "pk": 77,
  "fields": {
    "output_location": 21,
    "distance": 413.0,
    "distance_uom": 4,
    "duration": "05:06:00",
    "conversion_factor": 1.0,
    "created_user": null,
    "updated_user": [
      "admin"
    ],
    "created_at": "2017-04-04T07:57:27Z",
    "updated_at": "2017-04-04T07:57:27Z"
  }
},
{
  "model": "data_api.mapoutway",
  "pk": 78,
  "fields": {
    "output_location": 1,
    "distance": 2.1,
    "distance_uom": 4,
    "duration": "00:04:00",
    "conversion_factor": 1.0,
    "created_user": null,
    "updated_user": [
      "admin"
    ],
    "created_at": "2017-04-04T07:59:21Z",
    "updated_at": "2017-04-04T07:59:21Z"
  }
},
{
  "model": "data_api.mapoutway",
  "pk": 79,
  "fields": {
    "output_location": 2,
    "distance": 1.4,
    "distance_uom": 4,
    "duration": "00:04:00",
    "conversion_factor": 1.0,
    "created_user": null,
    "updated_user": [
      "admin"
    ],
    "created_at": "2017-04-04T08:00:00Z",
    "updated_at": "2017-04-04T08:00:00Z"
  }
},
{
  "model": "data_api.mapoutway",
  "pk": 80,
  "fields": {
    "output_location": 3,
    "distance": 1.5,
    "distance_uom": 4,
    "duration": "00:03:00",
    "conversion_factor": 1.0,
    "created_user": null,
    "updated_user": [
      "admin"
    ],
    "created_at": "2017-04-04T08:00:31Z",
    "updated_at": "2017-04-04T08:00:31Z"
  }
},
{
  "model": "data_api.mapoutway",
  "pk": 81,
  "fields": {
    "output_location": 7,
    "distance": 1.4,
    "distance_uom": 4,
    "duration": "00:03:00",
    "conversion_factor": 1.0,
    "created_user": null,
    "updated_user": [
      "admin"
    ],
    "created_at": "2017-04-04T08:00:58Z",
    "updated_at": "2017-04-04T08:00:58Z"
  }
},
{
  "model": "data_api.mapoutway",
  "pk": 82,
  "fields": {
    "output_location": 10,
    "distance": 5.8,
    "distance_uom": 4,
    "duration": "00:12:00",
    "conversion_factor": 1.0,
    "created_user": null,
    "updated_user": [
      "admin"
    ],
    "created_at": "2017-04-04T08:01:38Z",
    "updated_at": "2017-04-04T08:01:38Z"
  }
},
{
  "model": "data_api.mapoutway",
  "pk": 83,
  "fields": {
    "output_location": 14,
    "distance": 2.4,
    "distance_uom": 4,
    "duration": "00:07:00",
    "conversion_factor": 1.0,
    "created_user": null,
    "updated_user": [
      "admin"
    ],
    "created_at": "2017-04-04T08:02:51Z",
    "updated_at": "2017-04-04T08:02:51Z"
  }
},
{
  "model": "data_api.mapoutway",
  "pk": 84,
  "fields": {
    "output_location": 15,
    "distance": 6.1,
    "distance_uom": 4,
    "duration": "00:11:00",
    "conversion_factor": 1.0,
    "created_user": null,
    "updated_user": [
      "admin"
    ],
    "created_at": "2017-04-04T08:03:44Z",
    "updated_at": "2017-04-04T08:03:44Z"
  }
},
{
  "model": "data_api.mapoutway",
  "pk": 85,
  "fields": {
    "output_location": 9,
    "distance": 118.3,
    "distance_uom": 4,
    "duration": "01:31:00",
    "conversion_factor": 1.0,
    "created_user": null,
    "updated_user": [
      "admin"
    ],
    "created_at": "2017-04-04T08:04:43Z",
    "updated_at": "2017-04-04T08:04:43Z"
  }
},
{
  "model": "data_api.mapoutway",
  "pk": 86,
  "fields": {
    "output_location": 20,
    "distance": 344.0,
    "distance_uom": 4,
    "duration": "04:10:00",
    "conversion_factor": 1.0,
    "created_user": null,
    "updated_user": [
      "admin"
    ],
    "created_at": "2017-04-04T08:05:43Z",
    "updated_at": "2017-04-04T08:05:43Z"
  }
},
{
  "model": "data_api.mapoutway",
  "pk": 87,
  "fields": {
    "output_location": 21,
    "distance": 408.2,
    "distance_uom": 4,
    "duration": "04:59:00",
    "conversion_factor": 1.0,
    "created_user": null,
    "updated_user": [
      "admin"
    ],
    "created_at": "2017-04-04T08:06:31Z",
    "updated_at": "2017-04-04T08:06:31Z"
  }
},
{
  "model": "data_api.mapoutway",
  "pk": 88,
  "fields": {
    "output_location": 1,
    "distance": 339.6,
    "distance_uom": 4,
    "duration": "04:07:00",
    "conversion_factor": 1.0,
    "created_user": null,
    "updated_user": [
      "admin"
    ],
    "created_at": "2017-04-04T08:10:20Z",
    "updated_at": "2017-04-04T08:10:20Z"
  }
},
{
  "model": "data_api.mapoutway",
  "pk": 89,
  "fields": {
    "output_location": 2,
    "distance": 340.1,
    "distance_uom": 4,
    "duration": "04:10:00",
    "conversion_factor": 1.0,
    "created_user": null,
    "updated_user": [
      "admin"
    ],
    "created_at": "2017-04-04T08:10:50Z",
    "updated_at": "2017-04-04T08:10:50Z"
  }
},
{
  "model": "data_api.mapoutway",
  "pk": 90,
  "fields": {
    "output_location": 3,
    "distance": 341.3,
    "distance_uom": 4,
    "duration": "04:09:00",
    "conversion_factor": 1.0,
    "created_user": null,
    "updated_user": [
      "admin"
    ],
    "created_at": "2017-04-04T08:11:32Z",
    "updated_at": "2017-04-04T08:11:32Z"
  }
},
{
  "model": "data_api.mapoutway",
  "pk": 91,
  "fields": {
    "output_location": 7,
    "distance": 341.2,
    "distance_uom": 4,
    "duration": "04:09:00",
    "conversion_factor": 1.0,
    "created_user": null,
    "updated_user": [
      "admin"
    ],
    "created_at": "2017-04-04T08:12:13Z",
    "updated_at": "2017-04-04T08:12:13Z"
  }
},
{
  "model": "data_api.mapoutway",
  "pk": 92,
  "fields": {
    "output_location": 10,
    "distance": 344.9,
    "distance_uom": 4,
    "duration": "04:17:00",
    "conversion_factor": 1.0,
    "created_user": null,
    "updated_user": [
      "admin"
    ],
    "created_at": "2017-04-04T08:12:59Z",
    "updated_at": "2017-04-04T08:12:59Z"
  }
},
{
  "model": "data_api.mapoutway",
  "pk": 93,
  "fields": {
    "output_location": 14,
    "distance": 342.1,
    "distance_uom": 4,
    "duration": "04:11:00",
    "conversion_factor": 1.0,
    "created_user": null,
    "updated_user": [
      "admin"
    ],
    "created_at": "2017-04-04T08:13:52Z",
    "updated_at": "2017-04-04T08:13:52Z"
  }
},
{
  "model": "data_api.mapoutway",
  "pk": 94,
  "fields": {
    "output_location": 15,
    "distance": 345.3,
    "distance_uom": 4,
    "duration": "04:16:00",
    "conversion_factor": 1.0,
    "created_user": null,
    "updated_user": [
      "admin"
    ],
    "created_at": "2017-04-04T08:14:32Z",
    "updated_at": "2017-04-04T08:14:32Z"
  }
},
{
  "model": "data_api.mapoutway",
  "pk": 95,
  "fields": {
    "output_location": 16,
    "distance": 340.5,
    "distance_uom": 4,
    "duration": "04:09:00",
    "conversion_factor": 1.0,
    "created_user": null,
    "updated_user": [
      "admin"
    ],
    "created_at": "2017-04-04T08:15:13Z",
    "updated_at": "2017-04-04T08:15:13Z"
  }
},
{
  "model": "data_api.mapoutway",
  "pk": 96,
  "fields": {
    "output_location": 9,
    "distance": 457.5,
    "distance_uom": 4,
    "duration": "05:36:00",
    "conversion_factor": 1.0,
    "created_user": null,
    "updated_user": [
      "admin"
    ],
    "created_at": "2017-04-04T08:16:10Z",
    "updated_at": "2017-04-04T08:16:10Z"
  }
},
{
  "model": "data_api.mapoutway",
  "pk": 97,
  "fields": {
    "output_location": 21,
    "distance": 71.6,
    "distance_uom": 4,
    "duration": "00:55:00",
    "conversion_factor": 1.0,
    "created_user": null,
    "updated_user": [
      "admin"
    ],
    "created_at": "2017-04-04T08:16:53Z",
    "updated_at": "2017-04-04T08:16:53Z"
  }
},
{
  "model": "data_api.mapoutway",
  "pk": 98,
  "fields": {
    "output_location": 1,
    "distance": 407.9,
    "distance_uom": 4,
    "duration": "05:01:00",
    "conversion_factor": 1.0,
    "created_user": null,
    "updated_user": [
      "admin"
    ],
    "created_at": "2017-04-04T08:22:23Z",
    "updated_at": "2017-04-04T08:22:23Z"
  }
},
{
  "model": "data_api.mapoutway",
  "pk": 99,
  "fields": {
    "output_location": 2,
    "distance": 408.5,
    "distance_uom": 4,
    "duration": "05:03:00",
    "conversion_factor": 1.0,
    "created_user": null,
    "updated_user": [
      "admin"
    ],
    "created_at": "2017-04-04T08:23:18Z",
    "updated_at": "2017-04-04T08:23:18Z"
  }
},
{
  "model": "data_api.mapoutway",
  "pk": 100,
  "fields": {
    "output_location": 3,
    "distance": 409.7,
    "distance_uom": 4,
    "duration": "05:03:00",
    "conversion_factor": 1.0,
    "created_user": null,
    "updated_user": [
      "admin"
    ],
    "created_at": "2017-04-04T08:23:51Z",
    "updated_at": "2017-04-04T08:23:51Z"
  }
},
{
  "model": "data_api.mapoutway",
  "pk": 101,
  "fields": {
    "output_location": 7,
    "distance": 409.5,
    "distance_uom": 4,
    "duration": "05:03:00",
    "conversion_factor": 1.0,
    "created_user": null,
    "updated_user": [
      "admin"
    ],
    "created_at": "2017-04-04T08:24:22Z",
    "updated_at": "2017-04-04T08:24:22Z"
  }
},
{
  "model": "data_api.mapoutway",
  "pk": 102,
  "fields": {
    "output_location": 10,
    "distance": 413.3,
    "distance_uom": 4,
    "duration": "05:10:00",
    "conversion_factor": 1.0,
    "created_user": null,
    "updated_user": [
      "admin"
    ],
    "created_at": "2017-04-04T08:24:58Z",
    "updated_at": "2017-04-04T08:24:58Z"
  }
},
{
  "model": "data_api.mapoutway",
  "pk": 103,
  "fields": {
    "output_location": 14,
    "distance": 410.4,
    "distance_uom": 4,
    "duration": "05:05:00",
    "conversion_factor": 1.0,
    "created_user": null,
    "updated_user": [
      "admin"
    ],
    "created_at": "2017-04-04T08:25:46Z",
    "updated_at": "2017-04-04T08:25:46Z"
  }
},
{
  "model": "data_api.mapoutway",
  "pk": 104,
  "fields": {
    "output_location": 15,
    "distance": 413.6,
    "distance_uom": 4,
    "duration": "05:10:00",
    "conversion_factor": 1.0,
    "created_user": null,
    "updated_user": [
      "admin"
    ],
    "created_at": "2017-04-04T08:26:23Z",
    "updated_at": "2017-04-04T08:26:23Z"
  }
},
{
  "model": "data_api.mapoutway",
  "pk": 105,
  "fields": {
    "output_location": 16,
    "distance": 408.8,
    "distance_uom": 4,
    "duration": "05:03:00",
    "conversion_factor": 1.0,
    "created_user": null,
    "updated_user": [
      "admin"
    ],
    "created_at": "2017-04-04T08:26:58Z",
    "updated_at": "2017-04-04T08:26:58Z"
  }
},
{
  "model": "data_api.mapoutway",
  "pk": 106,
  "fields": {
    "output_location": 9,
    "distance": 525.8,
    "distance_uom": 4,
    "duration": "06:30:00",
    "conversion_factor": 1.0,
    "created_user": null,
    "updated_user": [
      "admin"
    ],
    "created_at": "2017-04-04T08:28:01Z",
    "updated_at": "2017-04-04T08:28:01Z"
  }
},
{
  "model": "data_api.mapoutway",
  "pk": 107,
  "fields": {
    "output_location": 20,
    "distance": 76.0,
    "distance_uom": 4,
    "duration": "01:04:00",
    "conversion_factor": 1.0,
    "created_user": null,
    "updated_user": [
      "admin"
    ],
    "created_at": "2017-04-04T08:29:06Z",
    "updated_at": "2017-04-04T08:29:06Z"
  }
},
{
  "model": "data_api.mapway",
  "pk": 1,
  "fields": {
    "source_location": 1,
    "created_user": null,
    "updated_user": [
      "admin"
    ],
    "created_at": "2016-12-26T10:49:03Z",
    "updated_at": "2017-04-04T04:33:25Z",
    "output_ways": [
      1,
      2,
      7,
      8,
      9,
      10,
      11,
      12,
      13,
      22
    ]
  }
},
{
  "model": "data_api.mapway",
  "pk": 2,
  "fields": {
    "source_location": 2,
    "created_user": null,
    "updated_user": [
      "admin"
    ],
    "created_at": "2016-12-27T03:05:34Z",
    "updated_at": "2017-04-04T04:31:14Z",
    "output_ways": [
      3,
      4,
      14,
      15,
      16,
      17,
      18,
      19,
      20,
      21
    ]
  }
},
{
  "model": "data_api.mapway",
  "pk": 3,
  "fields": {
    "source_location": 3,
    "created_user": null,
    "updated_user": [
      "admin"
    ],
    "created_at": "2016-12-27T03:09:47Z",
    "updated_at": "2017-04-04T04:44:22Z",
    "output_ways": [
      5,
      6,
      23,
      24,
      25,
      26,
      27,
      28,
      29,
      30
    ]
  }
},
{
  "model": "data_api.mapway",
  "pk": 4,
  "fields": {
    "source_location": 7,
    "created_user": null,
    "updated_user": [
      "admin"
    ],
    "created_at": "2017-04-04T04:55:10Z",
    "updated_at": "2017-04-04T04:55:10Z",
    "output_ways": [
      3,
      31,
      32,
      33,
      34,
      35,
      36,
      37,
      38,
      39,
      40
    ]
  }
},
{
  "model": "data_api.mapway",
  "pk": 5,
  "fields": {
    "source_location": 9,
    "created_user": null,
    "updated_user": [
      "admin"
    ],
    "created_at": "2017-04-04T05:02:44Z",
    "updated_at": "2017-04-04T05:02:44Z",
    "output_ways": [
      41,
      42,
      43,
      44,
      45,
      46,
      47
    ]
  }
},
{
  "model": "data_api.mapway",
  "pk": 6,
  "fields": {
    "source_location": 10,
    "created_user": null,
    "updated_user": [
      "admin"
    ],
    "created_at": "2017-04-04T07:28:51Z",
    "updated_at": "2017-04-04T07:28:51Z",
    "output_ways": [
      48,
      49,
      50,
      51,
      52,
      53,
      54,
      55,
      56,
      57
    ]
  }
},
{
  "model": "data_api.mapway",
  "pk": 7,
  "fields": {
    "source_location": 14,
    "created_user": null,
    "updated_user": [
      "admin"
    ],
    "created_at": "2017-04-04T07:48:47Z",
    "updated_at": "2017-04-04T07:48:47Z",
    "output_ways": [
      3,
      58,
      59,
      60,
      61,
      62,
      63,
      64,
      65,
      66,
      67
    ]
  }
},
{
  "model": "data_api.mapway",
  "pk": 8,
  "fields": {
    "source_location": 15,
    "created_user": null,
    "updated_user": [
      "admin"
    ],
    "created_at": "2017-04-04T07:57:31Z",
    "updated_at": "2017-04-04T07:57:31Z",
    "output_ways": [
      68,
      69,
      70,
      71,
      72,
      73,
      74,
      75,
      76,
      77
    ]
  }
},
{
  "model": "data_api.mapway",
  "pk": 9,
  "fields": {
    "source_location": 16,
    "created_user": null,
    "updated_user": [
      "admin"
    ],
    "created_at": "2017-04-04T08:06:47Z",
    "updated_at": "2017-04-04T08:06:47Z",
    "output_ways": [
      78,
      79,
      80,
      81,
      82,
      83,
      84,
      85,
      86,
      87
    ]
  }
},
{
  "model": "data_api.mapway",
  "pk": 10,
  "fields": {
    "source_location": 20,
    "created_user": null,
    "updated_user": [
      "admin"
    ],
    "created_at": "2017-04-04T08:17:07Z",
    "updated_at": "2017-04-04T08:17:07Z",
    "output_ways": [
      88,
      89,
      90,
      91,
      92,
      93,
      94,
      95,
      96,
      97
    ]
  }
},
{
  "model": "data_api.mapway",
  "pk": 11,
  "fields": {
    "source_location": 21,
    "created_user": null,
    "updated_user": [
      "admin"
    ],
    "created_at": "2017-04-04T08:29:09Z",
    "updated_at": "2017-04-04T08:29:09Z",
    "output_ways": [
      98,
      99,
      100,
      101,
      102,
      103,
      104,
      105,
      106,
      107
    ]
  }
},
{
  "model": "data_api.map",
  "pk": 1,
  "fields": {
    "name": "Map Zone 1",
    "created_user": null,
    "updated_user": [
      "admin"
    ],
    "created_at": "2016-12-26T10:49:13Z",
    "updated_at": "2017-05-11T04:59:07Z",
    "ways": [
      1,
      2,
      3,
      4,
      5,
      6,
      7,
      8,
      9,
      10,
      11
    ]
  }
},
{
  "model": "data_api.trip",
  "pk": 1,
  "fields": {
    "name": "001-Delivery",
    "delivery_date": "2016-12-05",
    "source_location": 1,
    "is_round_trip": true,
    "plan_data": null,
    "plan_type": "cost_rank",
    "created_user": null,
    "updated_user": [
      "admin"
    ],
    "created_at": "2016-12-05T07:46:37Z",
    "updated_at": "2017-03-02T11:17:30Z",
    "orders": [
      2
    ],
    "carrier_classes": []
  }
},
{
  "model": "data_api.trip",
  "pk": 2,
  "fields": {
    "name": "002-Delivery",
    "delivery_date": "2017-02-20",
    "source_location": 1,
    "is_round_trip": true,
    "plan_data": null,
    "plan_type": "cost_rank",
    "created_user": null,
    "updated_user": [
      "admin"
    ],
    "created_at": "2016-12-05T07:51:40Z",
    "updated_at": "2017-05-11T05:07:17Z",
    "orders": [
      8,
      5,
      13,
      7,
      2
    ],
    "carrier_classes": []
  }
},
{
  "model": "data_api.trip",
  "pk": 3,
  "fields": {
    "name": "Trip3",
    "delivery_date": "2017-02-20",
    "source_location": 1,
    "is_round_trip": true,
    "plan_data": null,
    "plan_type": "cost_rank",
    "created_user": null,
    "updated_user": [
      "admin"
    ],
    "created_at": "2017-01-17T08:39:23Z",
    "updated_at": "2017-05-11T05:21:22Z",
    "orders": [
      2
    ],
    "carrier_classes": []
  }
},
{
  "model": "data_api.trip",
  "pk": 4,
  "fields": {
    "name": "Test",
    "delivery_date": "2017-02-19",
    "source_location": 1,
    "is_round_trip": true,
    "plan_data": null,
    "plan_type": "cost_rank",
    "created_user": null,
    "updated_user": null,
    "created_at": "2017-02-19T07:35:34Z",
    "updated_at": "2017-02-19T08:21:27Z",
    "orders": [],
    "carrier_classes": []
  }
},
{
  "model": "data_api.trip",
  "pk": 5,
  "fields": {
    "name": "Trip Name",
    "delivery_date": "2017-02-21",
    "source_location": 1,
    "is_round_trip": true,
    "plan_data": null,
    "plan_type": "cost_rank",
    "created_user": null,
    "updated_user": null,
    "created_at": "2017-02-21T02:47:20Z",
    "updated_at": "2017-02-21T02:47:40Z",
    "orders": [
      2
    ],
    "carrier_classes": []
  }
},
{
  "model": "data_api.trip",
  "pk": 6,
  "fields": {
    "name": "\u0e22\u0e2d\u0e14\u0e23\u0e31\u0e01",
    "delivery_date": "2017-02-21",
    "source_location": 7,
    "is_round_trip": true,
    "plan_data": null,
    "plan_type": "cost_rank",
    "created_user": null,
    "updated_user": null,
    "created_at": "2017-02-21T06:53:31Z",
    "updated_at": "2017-02-21T06:53:31Z",
    "orders": [],
    "carrier_classes": []
  }
},
{
  "model": "data_api.trip",
  "pk": 9,
  "fields": {
    "name": "\u0e2a\u0e48\u0e2a\u0e34\u0e19\u0e04\u0e49\u0e32\u0e23\u0e2d\u0e1a 2017-02-22",
    "delivery_date": "2017-02-21",
    "source_location": 1,
    "is_round_trip": true,
    "plan_data": null,
    "plan_type": "cost_rank",
    "created_user": null,
    "updated_user": null,
    "created_at": "2017-02-21T06:53:53Z",
    "updated_at": "2017-02-21T06:54:43Z",
    "orders": [
      5,
      7,
      4
    ],
    "carrier_classes": []
  }
},
{
  "model": "data_api.trip",
  "pk": 11,
  "fields": {
    "name": "\u0e2a\u0e48\u0e07\u0e19\u0e21\u0e42\u0e23\u0e07\u0e40\u0e23\u0e35\u0e22\u0e19",
    "delivery_date": "2017-02-19",
    "source_location": 10,
    "is_round_trip": true,
    "plan_data": null,
    "plan_type": "cost_rank",
    "created_user": null,
    "updated_user": null,
    "created_at": "2017-02-21T06:54:08Z",
    "updated_at": "2017-03-02T11:17:52Z",
    "orders": [
      8,
      5,
      12
    ],
    "carrier_classes": []
  }
},
{
  "model": "data_api.trip",
  "pk": 15,
  "fields": {
    "name": "trip",
    "delivery_date": "2017-02-18",
    "source_location": 1,
    "is_round_trip": true,
    "plan_data": null,
    "plan_type": "cost_rank",
    "created_user": null,
    "updated_user": null,
    "created_at": "2017-02-21T06:54:18Z",
    "updated_at": "2017-02-21T07:01:20Z",
    "orders": [
      9,
      7,
      10,
      8,
      5
    ],
    "carrier_classes": []
  }
},
{
  "model": "data_api.trip",
  "pk": 16,
  "fields": {
    "name": "kkmilk",
    "delivery_date": "2017-02-21",
    "source_location": 2,
    "is_round_trip": true,
    "plan_data": null,
    "plan_type": "cost_rank",
    "created_user": null,
    "updated_user": null,
    "created_at": "2017-02-21T06:54:43Z",
    "updated_at": "2017-02-21T06:55:13Z",
    "orders": [],
    "carrier_classes": []
  }
},
{
  "model": "data_api.trip",
  "pk": 19,
  "fields": {
    "name": "2017-02-22",
    "delivery_date": "2017-02-21",
    "source_location": 1,
    "is_round_trip": true,
    "plan_data": null,
    "plan_type": "cost_rank",
    "created_user": null,
    "updated_user": null,
    "created_at": "2017-02-21T06:56:40Z",
    "updated_at": "2017-02-21T06:56:40Z",
    "orders": [],
    "carrier_classes": []
  }
},
{
  "model": "data_api.trip",
  "pk": 20,
  "fields": {
    "name": "\u0e2a\u0e48\u0e07\u0e2a\u0e34\u0e19\u0e04\u0e49\u0e32\u0e14\u0e48\u0e27\u0e19",
    "delivery_date": "2017-02-21",
    "source_location": 10,
    "is_round_trip": true,
    "plan_data": null,
    "plan_type": "cost_rank",
    "created_user": null,
    "updated_user": null,
    "created_at": "2017-02-21T06:59:32Z",
    "updated_at": "2017-02-21T07:00:04Z",
    "orders": [
      8,
      9,
      5
    ],
    "carrier_classes": []
  }
},
{
  "model": "data_api.trip",
  "pk": 21,
  "fields": {
    "name": "yo",
    "delivery_date": "2017-02-21",
    "source_location": 1,
    "is_round_trip": true,
    "plan_data": null,
    "plan_type": "cost_rank",
    "created_user": null,
    "updated_user": null,
    "created_at": "2017-02-21T07:20:39Z",
    "updated_at": "2017-02-21T07:21:07Z",
    "orders": [
      8,
      5
    ],
    "carrier_classes": []
  }
},
{
  "model": "data_api.trip",
  "pk": 22,
  "fields": {
    "name": "ooo",
    "delivery_date": "2017-02-21",
    "source_location": 1,
    "is_round_trip": true,
    "plan_data": null,
    "plan_type": "cost_rank",
    "created_user": null,
    "updated_user": null,
    "created_at": "2017-02-21T07:25:54Z",
    "updated_at": "2017-02-21T07:26:42Z",
    "orders": [
      13,
      9
    ],
    "carrier_classes": []
  }
}
]
